taxonomy_id	count
0	4985217
1	0
10239	396
2731341	0
2731360	48
2731618	0
2731619	1633
2946167	418
3153064	0
3429951	0
2946085	161
2732978	37
2846110	0
2592223	25
2734059	0
2014586	21
12407	0
2907836	12
29252	0
2681630	8
2734060	0
1647455	6
3059976	0
2861008	6
140410	48
2560457	0
1357825	22
2939038	0
2939039	8
2560459	0
1649240	8
3431429	0
2560726	0
1173769	5
2844258	0
2681594	4
10679	2
2844218	2
2956278	0
2736197	1
2844222	1
2560458	0
1649239	1
227940	0
2992578	1
2843116	0
2845097	0
2510480	103
2948724	0
2955946	0
2716352	55
1196844	50
2948951	0
2956672	0
2716351	42
2732977	9
2734058	0
2483611	16
2955705	0
2563525	5
35343	0
2993857	3
2732986	0
2734069	0
1754217	33
3044847	0
3060747	0
2914024	19
3044793	0
3060630	0
2894367	13
2733083	9
3060742	0
2914172	2
431893	0
2883941	1
2948723	0
2955944	0
2510486	11
2948695	0
2734062	0
1960658	11
2948672	0
2955736	0
2510464	10
2732972	0
2079257	0
2991867	6
406340	0
2993856	3
3044662	0
3059738	0
2866684	8
2732980	1
2734064	0
1647468	6
2946806	1
2955375	0
2767578	3
2955374	0
1636201	2
2733081	0
2734074	0
1168563	5
2733085	0
2844179	0
2716354	5
2732973	4
3044716	0
3060000	0
2918926	3
2732982	0
2734065	0
910475	2
2732974	0
393598	0
2913974	1
2948780	0
2956052	0
910474	1
2732985	0
2734068	0
1282994	1
2946810	0
2955380	0
1530085	1
2842911	0
2844122	0
2340712	1
2842764	0
2846104	0
2592212	1
3044707	1
2732979	0
2734061	0
947843	1
2788787	83
1407493	607
10680	103
906669	60
2014434	52
1220717	26
10713	21
1647476	21
103807	20
1147140	18
984186	15
175950	15
55884	13
1777064	12
1109712	11
1127516	11
1718278	11
101570	10
1560342	10
754056	9
1524882	8
1147144	6
1868596	6
1815955	6
1813771	6
1147151	5
573591	5
1161927	5
1177632	4
1168549	3
179237	3
1007869	3
1483485	3
1503929	3
1109711	3
1873452	2
370623	2
981330	2
1105286	2
491893	2
1147152	2
66284	2
1567012	2
1188795	2
2874886	2
2873352	2
1327037	2
1168280	2
12336	2
1775140	1
764562	1
35241	1
658401	1
1498228	1
1572712	1
1089121	1
754074	1
10704	1
1150991	1
1573458	1
2834265	1
1589748	1
230158	1
929833	1
929834	1
172667	1
414970	1
186789	258
2560452	0
1590550	252
10678	0
2886926	77
10682	8
2560732	0
1815968	18
329160	0
2178932	1
3152113	118
2169623	11
2169883	0
1029988	82
2169882	0
1883370	11
3044751	66
3060173	0
2591025	17
3060171	0
2593327	1
2560190	0
2560671	0
2006684	59
2733140	0
2734153	40
2267653	4
680115	34
169683	0
2905945	4
3044679	0
3059793	0
2863194	30
3044787	0
3060524	0
2601632	26
3044765	0
3060307	0
998086	21
2169624	0
2169990	10
2520516	1
1883379	6
1883371	3
1984776	4
1984781	0
1815989	4
2733102	0
2734104	7
2738809	0
1195085	1
1980929	0
1984796	0
1090134	4
1984786	0
1984787	0
273133	4
3044790	0
3060550	0
2006668	4
3044840	0
3060728	0
2530023	3
3044715	0
3059998	0
2908744	3
2733122	0
2734128	0
2562142	3
2560216	0
2560435	0
2026080	2
3044775	0
3060418	0
2664939	1
3044758	0
3060193	0
2869569	1
3420545	48
2946170	22
1198136	13
10663	19
2956501	0
2448909	7
2844216	0
2750851	6
2846681	0
2691085	4
2956497	0
1815590	3
10665	0
2681598	1
2560761	0
2024309	1
1913650	7
1913655	0
1455074	4
1985325	1
2956011	0
2315700	3
2956013	0
1852625	3
2956012	0
1913572	2
1985327	0
1654928	1
1913653	4
2955945	0
1815631	2
2560727	0
2041413	1
1921704	4
1921705	0
1206558	3
1985329	7
1913652	0
1914161	0
12353	3
2562699	0
1914160	0
1430444	2
1914165	4
2955757	0
2500761	1
2560256	5
2948828	0
2956206	0
1429794	3
3424971	0
3427844	0
279006	0
2919552	2
2843399	1
3424972	0
3432166	0
2956382	0
2163633	1
2842519	4
2842716	0
2843638	0
2690230	11
2843628	0
2500827	3
2842820	5
2843159	0
2843640	0
1049283	5
2842539	0
2843630	0
760939	3
2842819	0
3430339	0
2843629	0
760732	1
2853023	0
762660	1
2842517	0
2842766	0
260149	0
2919549	22
2842588	0
2843653	0
1204516	2
2843651	0
2026113	1
2560244	4
1921530	0
1198014	12
2956562	0
2163979	3
1921531	0
1198013	1
2948662	0
2955700	0
879630	20
2948665	0
227470	0
2880362	13
2955704	0
2053701	3
2948831	0
1914020	0
115992	10
1985328	8
2946800	0
2955358	0
926067	6
2948732	0
2955964	0
1852628	6
2948770	0
2956010	0
1983556	5
2961256	0
1327935	4
2948639	3
1198137	0
1914019	0
75320	1
1912143	0
115987	1
2946160	43
2733100	0
2734102	0
1883366	30
2948904	17
2733120	0
2734126	0
238854	15
3044824	0
3060701	0
2926475	13
2733119	0
2734125	0
869662	8
2733117	0
2734121	6
2734122	0
687803	2
2948898	0
2956426	0
1340810	8
3044866	0
3060825	0
2783669	6
2733139	1
2734151	0
444861	5
2948640	0
2955536	0
1278479	5
2733092	0
2734085	0
2790336	5
2733090	0
2734083	0
754037	5
3044815	0
3060690	0
2783674	4
3044820	0
3060697	0
2781608	3
2733101	0
2734103	0
1815522	3
3044861	0
3060818	0
2783673	3
2733135	0
2734147	0
754039	3
2948729	0
2955958	0
536466	1
2946789	0
2955237	0
1883365	1
3044869	0
3060828	0
2588487	1
2733096	0
2734095	0
2023996	1
2733125	0
2734134	0
445684	1
2733113	0
2734118	0
1883368	1
2169529	0
2175602	0
1785960	34
2841280	0
2841302	0
1978922	4
2169530	0
2169532	1
2169534	1
2169531	0
2169536	0
2846115	0
2301647	1
2169807	0
1654891	1
2841277	0
2841283	0
2686437	2
2841281	0
2841303	0
2584487	2
2841278	0
2169689	0
1262513	1
2843421	49
2846389	0
2650877	203
2846388	0
1654717	1
2846390	0
2601680	1
2842527	64
2852987	0
1147158	49
984175	14
2842814	2
2169923	0
432201	41
2169921	0
1147145	8
2843141	0
2844189	0
2015807	20
2842619	0
2169927	0
1147153	15
2843126	10
2842908	0
2844138	0
1147150	5
2843147	0
2844127	0
1147143	4
2843015	1
2169925	0
906668	2
3424654	20
2733152	7
2734193	0
2283272	37
2734192	0
2283270	27
2733154	7
2748760	0
2927986	36
2734196	0
2283269	8
2733153	7
2734195	0
2283271	32
2734194	0
1211640	5
2733155	22
1204537	0
2927985	8
2770328	0
1211641	4
1211642	3
1211644	0
2927984	3
2842329	5
2843008	0
2846672	0
2108116	48
3044643	0
3044697	18
3059912	0
2509728	13
3044653	1
2842416	0
2842993	8
2845095	0
2419682	9
2845089	0
2596966	5
2169643	3
2170216	0
1173761	3
2842973	0
2170215	0
1540097	1
2842661	0
2844120	0
942016	26
2842972	16
3060635	0
2859656	6
2842641	0
2844071	0
1563661	15
2843161	6
2845968	0
1622116	5
2845967	0
1622115	1
3044858	0
3060807	0
2836086	7
3044852	0
3060796	0
2859072	6
2842422	0
2842544	0
2846069	0
1815984	2
2843019	0
2844087	0
1815983	1
3044789	0
3060549	0
2877946	3
2842417	0
1920762	2
1982594	0
1982595	0
1678082	1
2843162	0
2845969	0
2604899	3
2842739	0
2846232	0
2599764	2
2843122	0
2844164	0
1051675	2
2842423	0
2842758	0
2845970	0
2048976	1
2948690	0
2955844	0
2806547	1
2842412	0
2842786	0
2845088	0
2099850	1
2842586	0
3059853	0
2863195	1
2842934	0
2846607	0
1283071	1
2842828	0
3060164	0
2163965	1
186794	25
329158	9
1647458	152
348058	5
1168548	5
221029	3
1912492	3
1934252	10
10761	0
2905959	1
173443	0
2905963	1
1982875	14
1982880	53
1982889	0
1674927	9
1982892	0
1327760	2
1982885	0
1690425	1
1982887	0
1690428	1
1982888	0
1674926	1
2956117	0
2182319	1
2956118	0
1873996	1
2956121	0
2593360	1
2948847	1
2956237	0
2059882	34
2956235	0
2041205	1
2948656	0
2955597	0
2590946	29
2948647	0
2955567	0
2725628	7
2955564	0
2599888	4
2955566	0
2041206	3
2955568	0
2301715	1
1982879	1
2955572	0
2053672	4
1982883	0
1239386	2
1982882	0
1673877	1
2955574	0
2740182	1
2955577	0
2767587	1
2948960	0
2956707	0
2201421	4
1982881	1
2955378	0
2108134	2
2948757	0
1982895	0
1204524	1
2948769	0
2956000	0
2301573	1
2948890	0
2956389	0
2767576	1
2948901	0
2956431	0
2767584	1
2843451	0
2844234	0
1226260	169
2946173	0
2948790	0
2956095	0
2041344	67
2946636	32
1623278	3
3427627	0
861047	0
2919553	18
2955543	0
2801895	3
2948808	3
2948641	0
2955539	0
2599860	1
1982877	2
1983744	2
1983750	15
1088864	3
1325953	3
2955514	0
2762283	4
1623301	1
1983751	0
1034115	3
2956365	0
2762281	1
1623286	9
3059848	0
2283028	128
505292	0
2914009	2
3059844	0
1481224	2
3059850	0
2486665	1
2946628	0
2948833	11
3430982	0
2956211	0
2027899	54
2956212	0
546805	41
680114	22
2006134	0
1327936	5
2955509	0
1891703	3
2006137	0
2994057	2
2560606	0
1913044	2
2946648	7
2946797	21
2955346	0
2510585	6
2955353	0
2599886	5
2955339	0
2599859	5
2955340	0
2507856	3
2955332	0
2108121	3
2955343	0
2725625	2
2955352	0
2599885	2
2955350	0
1912978	1
2955345	0
1560286	1
2955349	0
2015824	1
2955337	0
2024005	1
1034152	0
2902832	1
861045	0
2919554	1
2948939	4
2956580	0
2015825	25
2956579	0
1983447	2
2956578	0
2015820	1
2948788	8
2960591	0
1486473	2
2956078	0
2301704	1
2956080	0
1606763	1
2956082	0
1541819	1
1623306	0
2956533	0
1486427	3
2562717	0
1567473	2
2956531	0
2015882	1
2956532	0
1718600	1
2946794	0
2955326	0
2015879	5
2955325	0
2015874	1
2955327	0
2599862	1
2948708	3
2955890	0
2708631	1
2955893	0
2530139	1
2948781	0
1034114	0
2922215	1
1195070	0
2927982	1
2946795	0
2955329	0
2250291	1
2560065	5
2560070	1
1910931	1
1910936	0
1527469	23
2842856	0
2560332	0
1540090	15
1985181	7
1922327	0
1922328	0
764595	2
2842662	0
2843766	0
1776293	2
2842707	0
2843793	0
2593638	2
1911929	0
1985175	0
1195072	1
1917990	1
1918010	0
2560331	0
1486660	1
3152216	0
1857844	33
2843129	0
2845126	0
2510943	15
2560071	0
2560160	0
2560418	0
1498168	3
2732968	1
2560422	0
1597976	1
2842663	0
2845137	0
2041210	5
2560081	0
2732971	0
2734053	0
1868844	3
2842737	0
2845136	0
1567484	1
2843105	0
2845127	0
2510942	1
3420540	20
3424634	6
2732929	0
2733590	0
1958965	20
2733589	0
1432428	8
2842373	0
2846038	0
2759719	17
3424850	0
1985733	1
1985735	0
1784981	7
2732933	0
2733596	0
1932892	2
2560093	0
2560297	0
1927013	1
2731971	0
2733950	0
743578	8
2731961	0
2733939	0
1220601	7
3424635	0
2731648	0
477967	3
2733353	0
627480	1
2733354	0
386792	1
2732909	0
2733363	0
1450169	1
3424637	0
2731653	0
2732683	1
1981933	0
2783802	1
1985720	1
2732677	0
3059771	0
2910951	1
2731941	0
2733916	0
1498172	2
2731963	0
2733941	0
1527771	1
2731966	0
2733945	0
2741075	1
2731942	1
2843442	0
2844247	0
2847061	104
2169655	0
2170091	2
1838138	90
1911928	24
1914850	17
1914899	0
1162290	11
1980961	0
1116482	1
2842888	17
2845940	0
2483610	5
2846052	0
2053702	4
2842727	2
2844165	0
2601643	4
2844163	0
2678601	2
1914851	1
3044479	10
3044647	14
3044714	5
3059994	0
2767565	9
3044854	10
2560255	0
2560486	0
2079426	5
2843386	1
2846398	0
2488789	2
2843347	0
2846392	0
2250335	1
2946625	1
2843400	10
3430115	0
2846407	0
2283267	3
3430114	0
2846404	0
2283265	2
2560220	8
3044845	0
3060743	0
2914443	5
3044692	0
3059903	0
2739834	1
1982876	0
1982898	10
1983117	0
373406	6
1983110	0
1647301	2
1983118	0
543152	1
2948802	0
2956123	0
2652422	16
1982900	11
1982904	0
1675551	1
2560607	0
2928684	1
2956377	0
1874015	1
2948773	0
2960510	2
1340830	5
1463811	1
2956033	0
1463812	2
2948887	0
2956386	0
2315616	6
2948925	0
2956529	0
2282910	5
2946829	0
2955497	0
2686231	4
1982897	0
1982903	2
1982902	0
1647306	1
2948765	0
2955990	0
2686233	2
2948877	0
2956352	0
2483623	1
2956353	0
2664226	1
1623295	0
1986350	0
1052671	1
2560178	0
2560595	0
446529	77
2946162	3
2946626	1
1982095	0
3425958	0
1982098	0
1175657	13
1982355	9
3431347	0
2982871	2
3431346	0
1775248	1
3431348	0
2981578	1
2946834	7
3427564	0
2909581	4
2955515	0
2674976	1
3152598	0
3427948	0
1982358	0
1175663	5
3152600	0
3428316	0
2948610	4
2948956	0
3433525	0
2943841	3
2948698	0
2955862	0
2719575	2
3152603	0
3430621	0
2939131	2
3152601	0
3428460	0
2939127	1
3152602	0
3429002	0
2930315	1
2946644	0
2733220	0
3433288	0
2734288	0
1916124	6
3433290	0
2734290	0
1916126	2
1299429	0
3433575	0
1981049	0
1204517	1
3433576	0
1981048	0
1718273	1
2948782	0
279383	0
2681607	6
2946175	0
2946647	0
2560111	13
3427838	0
2560394	0
2047869	21
2955595	0
2483719	3
2955596	0
2588503	2
3427839	0
2560397	0
2047871	1
2560115	0
3427939	0
2560395	0
384848	5
2946629	0
2948917	3
2956476	0
2652882	3
2956477	0
2653747	2
2948731	3
2955960	0
1109710	2
2955961	0
319522	1
2955963	0
2315610	1
2948710	2
2955912	0
1647475	3
2948776	5
3152691	0
3428071	0
3038364	4
2948869	0
2956325	0
2283246	1
2731690	1
2732012	4
2948922	32
2560112	0
2060092	0
2570300	1
2560156	1
2732016	0
2560835	0
1150989	1
2732013	3
2732017	3
187218	0
2846119	0
2589656	2
2560233	2
2560539	0
1912318	4
2560189	3
2733995	0
2315597	1
2560210	3
2956338	0
2783547	1
2732014	0
2732966	0
2733994	0
2041492	1
1980921	0
1980923	0
1980924	56
2560207	0
2560286	0
2024264	55
3152625	0
3432031	0
2885983	54
3044455	0
1623303	0
3059794	0
1392231	48
1623304	2
3060343	0
2108109	2
3060365	0
1971430	1
3044850	0
3060774	0
646413	1
1982150	0
1982151	0
480808	51
3044690	0
3059893	0
2894794	47
3424674	1
3424859	2
2560251	5
2560512	0
1821564	1
2560488	0
2079564	1
2948800	1
2956112	0
2656540	4
2956109	0
2301561	1
2948963	0
2956711	0
2591211	2
2956712	0
2591212	2
2956713	0
2743909	2
2948789	0
2956092	0
2250417	2
2956089	0
2483669	1
2956094	0
2762402	1
2948679	0
2955753	0
1647474	1
2955755	0
2510508	1
3424858	0
2169658	8
2956689	0
2500789	2
2956682	0
2591205	1
2948667	0
2955709	0
2759393	1
2948801	0
2956122	0
2794947	5
3044459	0
3044857	0
3060806	0
2163605	43
2733200	7
1982560	0
1838074	20
2734263	0
2530116	16
3152619	0
3429029	0
2599890	41
1982557	39
1982561	0
1838078	1
186764	4
2562661	1
1354510	5
1076630	3
1873889	1
1458846	1
1718171	1
1383059	1
1701849	1
1458724	1
1993867	0
1071503	7
1076136	0
2922996	5
1225862	0
2927991	2
1211282	0
2927989	2
1097754	0
2923007	2
31757	1
1993862	0
260120	1
3044646	0
3044772	0
3060406	0
2894788	39
2946631	0
1623288	6
2956114	0
2315544	9
2956116	0
1897549	6
2956113	0
2315539	1
2948771	0
2956026	0
2575612	3
2956025	0
2599868	2
2956015	0
1458831	1
2946805	0
2955364	0
2575610	5
2948866	0
2956319	0
2517965	3
2956318	0
1647309	1
2946813	1
2955390	0
2024302	1
2843420	0
2844207	0
1147722	38
3424297	0
2843343	28
3425768	0
3433490	0
1109714	5
2843342	0
2843882	0
2591411	2
3153275	0
3424305	0
2713258	1
3425757	0
3432151	0
691963	1
186765	0
3430323	0
2169967	0
482822	35
2843450	10
2843896	0
2530032	11
2843897	0
2530033	11
2946632	6
1623281	6
3427890	0
1089132	0
2923001	5
2562660	0
1551711	1
2955631	0
2301563	1
3427893	0
1993884	0
1147141	1
2955659	0
2163593	1
2843352	9
2843467	0
3432795	0
2845654	0
2301701	1
3044468	0
3044696	3
3059911	0
2509785	18
3059910	0
2509764	8
1978007	0
2942966	0
2942977	0
2946811	0
2955382	0
2986419	6
2946830	3
2942974	0
2942994	0
2955553	0
2986415	2
2955552	0
2772082	1
2942975	0
2946832	0
2955512	0
2986417	1
2942965	0
2942967	0
2942980	0
2956054	0
2772072	7
2956053	0
2301731	1
2948793	0
2956099	0
2772071	1
2948797	0
2956106	0
2986407	1
2942964	0
2942972	0
2948652	1
2948680	0
2955762	0
2772065	1
2948697	0
2955861	0
2986404	1
2942976	0
2948736	0
2955969	0
2772078	1
2942963	0
2942973	0
2948778	0
2956048	0
2772077	1
2948785	0
2956060	0
2986396	1
3152510	0
3430767	0
2834256	29
3424680	0
3152223	0
1921407	26
3152211	0
2560133	0
2560666	0
1777065	1
2560197	1
1925779	0
1925780	0
1548901	1
3424652	7
2733195	5
3430820	0
2656554	3
3430818	0
2656546	1
3430819	0
2656550	1
2733202	5
3432068	0
2863847	2
2182400	0
2992928	1
3152962	0
3430775	0
2656551	3
2948764	0
2955989	0
2801477	28
2560209	0
2560396	0
2015851	27
2733180	0
2734239	0
2499072	26
2733198	0
2734261	0
2301539	26
1623297	3
180504	0
2883940	15
2115964	0
335797	6
431891	0
2881400	2
3152213	0
3044744	0
3060064	0
2419619	23
3044867	1
3433611	0
2917160	1
1720324	12
1273707	0
2928683	11
3429776	0
2034343	1
3429779	0
2860997	1
2733123	0
2734129	0
2029657	24
2560188	0
2560688	0
2048977	23
2943001	0
2560222	0
3432251	0
2560848	0
1415148	5
2943014	0
2956315	0
1983555	2
2956316	0
2662138	2
2960002	1
2218617	1
2218618	1
2943007	0
2955942	0
2796514	3
2943018	0
2956437	0
1964565	2
2943002	0
2955537	0
754044	2
2943009	0
2955994	0
2729575	1
2943019	0
2956440	0
2608321	1
1623283	1
2843478	0
2845093	1
2560122	1
2562666	12
2776868	3
2725619	2
2926098	1
2772023	1
2560588	0
2065199	2
3044768	0
3060390	0
2590895	22
2733165	0
2734215	0
2182350	22
2733094	0
2734089	0
1335230	22
1981156	0
1981159	0
1981168	0
936054	21
2843457	0
2846061	0
2591131	21
2843387	0
2844173	0
2847058	20
2732613	10
2733156	0
2734199	0
2047830	10
2560094	4
2560463	0
1273738	12
2560436	0
1555202	4
2560113	0
2560689	0
1815630	19
2843396	1
2844245	0
2847060	15
2844249	0
2847062	3
1623284	17
373403	0
2902792	1
1993871	0
1035485	1
3152626	9
3432142	0
2711179	9
2560109	0
2560261	0
2010329	18
2843361	0
2846393	0
1913591	18
2733172	0
2734229	0
2283286	17
2843466	1
2845481	0
2488571	16
2843360	0
2844174	0
2847059	17
3152508	0
3428314	0
2793708	17
3153083	0
3428776	0
2926099	16
2843376	0
1084719	0
2884420	16
3152997	0
3430283	0
2315619	16
2946815	9
2955405	0
2572317	6
2842528	0
3153078	0
3432383	0
2894587	12
1982239	1
1982241	0
1175654	1
3153079	0
3432939	0
2686378	1
2560128	0
2560849	0
2052742	8
2560751	0
1962671	7
1982113	0
1982148	0
1486472	15
3424640	1
2733222	0
2734292	0
2201444	6
2733221	0
3060809	0
2776851	1
3060810	0
2832315	1
3060811	0
2762410	1
3060814	0
2776856	1
3044668	0
3059755	0
2910754	4
2733208	13
2734273	0
2588502	1
3044731	0
3060034	0
1279082	14
2169601	0
2169636	0
3060431	0
2571252	6
3060425	0
2836009	2
3044672	0
3426655	0
2169730	0
1821549	4
3426656	0
2169731	0
1821565	1
1982878	0
1983735	5
1983742	0
1647302	1
2956311	0
2599880	1
1623277	0
1983736	0
1074309	4
1983734	1
2560240	0
3432938	0
2560608	0
1897497	1
2843366	3
2846040	0
2759720	5
2846046	0
2759727	4
3424638	0
1980936	6
3425003	1
3430002	0
1980949	0
1772327	2
2843353	0
2843722	0
2713256	2
2843471	0
2843733	0
2593333	1
1720323	1
1195073	0
2886899	4
242527	0
2883944	3
1136535	0
2881398	3
644524	0
2886898	1
1623292	11
2233782	1
2946646	0
2733124	8
2948775	4
2843444	0
2845690	0
2557582	12
2733091	0
2734084	0
2053653	12
1198139	3
264729	0
2881392	7
431894	0
2883942	2
308911	0
40631	0
1604876	12
2946645	0
2948896	0
2956401	0
2301697	6
2049885	2
2956635	0
2744004	2
2948653	0
2955592	0
2301538	1
2948674	0
2955737	0
2588489	1
3152215	1
3152914	6
3152912	0
3432165	0
2849972	3
2560201	0
2560629	0
2053078	1
3044749	11
2733204	0
2734268	0
2182341	11
2560121	0
2560782	0
2044561	11
3044803	0
3060667	0
2419948	11
2733174	8
2734232	0
2283025	2
2734231	0
2283026	1
2843425	0
2846182	0
2601678	10
2846184	0
1481112	1
2843401	0
2843725	0
2315608	4
2560302	0
2015834	3
2843728	0
2599828	3
2843724	0
2686080	1
3044649	0
3044670	8
3044863	0
3060820	0
2801506	1
3060822	0
2500560	1
2843432	3
2844135	0
564886	6
2844169	0
563769	1
3044642	1
3044773	1
3060414	0
2762280	4
3060415	0
2591121	2
3044779	1
3060434	0
2483673	1
3424656	0
3152630	0
3433098	0
2845816	10
2169597	0
2169611	2
1089115	0
2902842	7
2955546	0
2599884	1
2733196	4
2734258	0
2079281	5
2844667	0
2653716	1
3152220	0
2733194	1
3430796	0
2686228	4
3430795	0
2591216	2
3152961	0
3430276	0
2885981	2
2731691	0
1920860	3
1910999	2
2732045	0
1920864	0
355246	0
2994041	1
2732049	0
2734029	0
2496547	1
2842730	0
2653507	0
2849700	1
2842776	0
2846602	0
1480731	1
2948755	0
2955983	0
2749430	9
542959	0
194699	0
2885909	9
2733170	4
2734226	0
2419965	5
3044466	0
2843411	3
2843648	0
2588517	3
2843440	1
2844032	0
2699738	1
3044766	0
3060310	0
2081631	1
3044673	1
3059766	0
2182395	6
3059767	0
2759395	2
2843363	0
2843789	0
1124578	8
2948914	0
2956470	0
2656541	8
2843419	0
2845079	0
2070028	6
2845092	0
2587809	2
2733130	8
2733128	1
2752797	0
1481186	6
1605379	1
2948772	2
2960508	2
1821563	4
2948668	0
2955710	0
2201420	8
2948807	0
3430508	0
2956132	0
2743994	8
2733178	0
2734237	0
2562192	8
2733181	0
2734240	0
2182360	8
3152629	1
3432254	0
2571250	5
3432255	0
2927281	1
1982086	4
2843734	0
2015873	3
2843429	5
2844251	0
2847063	2
1623285	3
205875	0
2907833	2
2955723	0
1340819	2
3424670	0
1910976	1
1910991	0
3430047	0
2831178	4
1910992	0
2560464	0
2047801	1
2565499	0
2530021	1
2560183	0
2560407	0
1965368	7
3044725	0
3060025	0
1647472	4
3060026	0
1647473	3
2733097	0
2734096	0
2070181	7
3152966	0
3428900	0
2570911	7
2843433	0
2846185	0
2557554	7
3152968	0
3429152	0
2914450	7
542960	0
1982579	0
343516	3
1231360	0
1864623	2
1982581	0
1125653	2
2948816	0
2956185	0
2767570	7
2948946	0
2956637	0
2725640	3
2956638	0
1897486	3
2956640	0
2126722	1
2948936	7
3152218	0
1921544	6
3432362	0
2982892	1
2560101	0
2560485	0
1821551	7
2948678	0
2955752	0
2565502	7
2843371	0
2845649	0
2079417	7
2948937	0
2956575	0
2517971	7
3152509	6
2560242	0
2560705	0
2027905	6
2946828	0
2955496	0
1805457	6
3044641	0
3044826	0
3060703	0
2859658	6
3044831	0
3060713	0
2653271	6
2948874	0
2956343	0
2571249	6
3044829	0
3060706	0
1690818	6
2560096	0
2560484	0
1887641	6
2948911	0
2956463	0
2704033	6
2733211	0
2734276	0
1821561	5
2733203	0
2734267	0
1920312	5
3044830	0
3060710	0
2836091	5
3153080	0
3430611	0
2599870	5
1623276	0
1982363	0
205880	5
2942676	0
2976944	0
2946818	0
3426661	0
2955413	0
416419	2
2948899	0
3241302	0
754066	1
2946180	0
2948880	0
3432154	0
2956364	0
2507575	2
1623282	1
205872	0
2907832	3
2169812	0
1567475	1
3152967	0
3429141	0
2719181	5
2948822	0
2956191	0
2767579	5
2560108	0
2560731	0
1647463	5
2733179	0
2734238	0
2484206	5
3044687	0
3059874	0
2871538	5
2948865	0
3431661	0
2956317	0
2591223	5
3152221	0
3153001	0
3425976	0
2772516	5
2560141	0
2560409	0
1537091	4
3044473	0
3044730	0
3052245	0
2723773	2
3044739	1
3044806	0
3060671	0
2024263	1
2843367	0
2843966	0
1868595	4
3044753	0
3060177	0
2767577	4
1918522	4
3044816	0
3060691	0
2662136	4
3152995	0
3427943	0
1821728	4
2733209	0
3432252	0
2734274	0
1675600	4
2948784	0
2956059	0
2024295	4
2733201	0
2744423	0
1204525	3
2734264	0
1920311	1
3044870	0
3060829	0
2848886	2
3060830	0
2601695	2
2560176	0
2560400	0
1141136	4
2560106	0
2560487	0
1838063	4
2843443	0
2846050	0
2759715	4
3044675	0
3059778	0
2894335	4
2560144	0
2560501	0
2047872	3
2560505	0
2047873	1
2560134	4
3152212	1
3152899	0
3430752	0
2660689	2
3152900	0
3432931	0
1225792	1
3044712	0
3059992	0
3070616	4
2843406	0
2846436	0
1880590	4
2843414	0
2845090	0
2723758	4
2733169	3
2734219	0
2500795	1
3152615	0
3427643	0
1755689	4
3424647	0
3044685	0
3059855	0
2894356	3
545932	2
2040655	0
1589273	1
3044786	0
3060522	0
2267655	2
3060523	0
1131315	1
2560107	0
2560489	0
1838064	3
3044691	0
3059894	0
2571246	3
2946165	0
2946642	0
2948691	0
3428447	0
2955845	0
2315704	2
2948855	0
2956259	0
2653750	1
2942680	0
2946190	0
2843389	1
2948823	1
2976943	0
2948735	0
3429137	0
2955968	0
1273746	1
3044764	0
3060306	0
2663326	3
2733185	0
2734243	0
2530172	3
3044777	1
3060420	0
2108123	1
3060421	0
1920305	1
2733177	0
2734236	0
2301604	3
3044795	0
3060638	0
2656538	2
3060637	0
2652411	1
1982076	1
2956070	0
2794944	2
2733213	0
2734278	0
1675601	3
3044832	0
3060714	0
2006671	3
3044713	0
3059993	0
2419957	3
2560253	0
2560706	0
1897437	3
1623287	0
31535	0
2932880	2
1129146	0
2992927	1
2560203	0
2560596	0
2099444	3
1982745	0
2301302	0
1755682	2
1982746	0
1636184	1
2560192	0
2560506	0
1887651	3
3152507	3
2733088	1
2734080	0
2283029	1
3059701	0
2869544	1
3044853	0
3060797	0
10702	3
2169600	0
1623280	2
2170172	0
1821537	1
2948926	1
2956534	0
1327770	1
2956535	0
2077150	1
3044742	0
3060058	0
2805750	3
1198976	0
499235	0
2914010	3
2560221	0
2560683	0
1772332	3
2560140	0
2560499	0
1887647	3
2843391	0
2845650	0
45764	3
2948706	0
2955888	0
2094144	3
2733218	0
2734284	0
2201431	2
2842521	0
2842540	0
2845594	0
2725606	1
2843096	0
2845588	0
2590877	1
2948829	0
2956208	0
2775045	2
2843375	0
2846739	0
2759732	2
3044733	0
3060038	0
1777061	1
3060039	0
2652881	1
2733215	0
2734281	0
2182357	2
2842525	0
2842657	0
2845734	0
2070190	2
2948884	0
2956376	0
2601610	2
3044833	0
3060715	0
2866695	2
2948864	0
2956314	0
1690684	2
2843346	0
2843723	0
2484217	2
2560247	0
2560625	0
1647282	2
2169652	2
2560150	0
2560591	0
2079583	1
2845592	0
2590936	1
2946623	0
2948677	0
2955750	0
2763102	2
3152994	0
3427903	0
1887657	2
3152208	0
3152699	0
3428080	0
2419952	1
3152701	0
3431172	0
2419964	1
2560257	0
3433590	0
2560514	0
1821566	2
3152976	0
3433091	0
2315705	2
3152624	0
3431516	0
2985324	2
2560152	0
2560406	0
665032	2
2946157	0
2560245	2
2560231	0
2560509	0
2182349	2
2560165	0
2560778	0
1980139	2
3152970	0
3429898	0
2599866	2
2946634	0
2946820	0
2955426	0
1927017	1
2948935	0
2956560	0
2099860	1
2948712	2
1982562	1
2219090	0
1838077	1
3424663	0
3044644	0
680277	0
3060075	0
1987942	0
2865805	1
3060077	0
2662277	1
2733182	0
2734241	0
2301600	2
2733164	0
2734214	0
2419946	2
2169657	1
2170239	0
1445729	1
2733115	0
446807	0
2881397	2
3424659	0
2560235	0
2560691	0
2048978	1
2843428	0
2846180	0
2557553	1
2560129	0
2560492	0
1887646	2
2733150	0
2734189	0
2562456	1
2734190	0
2041211	1
3424642	0
1636617	0
1190451	0
2881391	1
1636618	0
1980966	0
1229752	1
3424631	0
1985285	0
1985303	1
1985305	1
2733145	0
2734160	0
2115967	2
2843374	0
2846671	0
1129194	1
3044770	0
3060404	0
1932118	1
2946172	0
2948660	0
3427862	0
2955604	0
2847105	1
2560086	1
1982566	0
1982567	0
1772319	1
1982569	0
1982570	0
1636545	1
3152965	0
3428804	0
2836048	1
3152964	0
3426584	0
3035369	1
2948689	0
2955842	0
1429759	1
2843384	0
2845598	0
1357715	1
3044663	0
3059739	0
1414742	1
3044667	0
3059753	0
2740427	1
2948694	0
2955850	0
2743803	1
2169651	0
2169704	0
1897531	1
3044645	0
1918725	0
2560443	0
1970797	1
1982088	1
2948906	0
2956444	0
1873985	1
2948905	0
2956443	0
1589274	1
186532	1
2843434	0
2843778	0
547228	1
3424861	0
2843412	0
2844670	0
2599845	1
2946819	1
3424641	0
308912	0
10719	1
1918718	0
1918720	0
756282	1
2843423	0
2843625	0
2591403	1
3153269	0
3427496	0
2927284	1
1980937	1
1982375	1
3153070	0
3426484	0
279303	1
1982101	0
2955428	0
2099637	1
1982106	0
1982108	0
1838071	1
3152992	0
3432624	0
2999013	1
2843409	0
2845135	0
146269	1
3152975	0
3432794	0
3025408	1
2843405	0
2843726	0
2653270	1
2843403	1
2843402	0
2845962	0
2059855	1
3152971	0
3430847	0
1805958	1
1982251	0
1982271	0
504501	1
2733207	0
2734272	0
2250323	1
2560214	1
2842520	0
2842757	0
2846399	0
2053813	1
3044721	0
3060018	0
1647283	1
2946158	0
2948713	0
2955922	0
2745646	1
2560225	0
2560792	0
2041354	1
2560250	1
2731207	0
2731208	0
2572526	1
2733093	0
2734088	0
1137745	1
2733212	0
2734277	0
2500787	1
3044828	0
3060705	0
2591118	1
2733108	0
2734112	0
2070183	1
2733111	0
2734116	0
754042	1
2946169	0
2948891	0
3432247	0
2956396	0
1273747	1
2942894	1
3044813	0
3060679	0
747763	1
2733127	1
3044798	0
3060664	0
2927622	1
2843474	0
2845151	0
741942	1
2733197	0
2734260	0
2488859	1
2733151	0
2734191	0
2508206	1
2733193	0
2734251	0
2059856	1
2843468	0
2843732	0
2599838	1
2733188	0
2734246	0
2027888	1
3044785	0
3060514	0
1916186	1
2843459	0
2845655	0
1527493	1
2560146	0
2560502	0
1887648	1
2946166	0
2948733	0
2955965	0
2745672	1
3152224	0
3153128	0
3432425	0
2939132	1
2843355	0
2846039	0
2759709	1
2560158	0
2041859	0
2681614	1
2843351	0
2845430	0
2662295	1
3152206	0
3152637	0
3431036	0
2944951	1
2946164	0
2948842	0
2956229	0
2664196	1
2843452	0
67571	0
2682836	1
2843345	0
2844171	0
2847056	1
2948861	1
2560127	0
2560491	0
1821552	1
2560171	0
2560333	0
1796993	1
2560124	1
2843370	0
2846374	0
2491321	1
3044855	0
3060804	0
2790985	1
2843463	0
10683	1
2731361	0
2731363	0
548681	0
3044472	3
10293	2
10319	5
3050355	0
10345	10
3050252	0
39944	7
3050260	0
365327	5
342940	0
173566	3
3050277	0
80341	2
3050261	0
2115790	2
3050259	0
79891	2
3050276	0
10326	1
3050322	0
2560599	0
1434720	1
10294	1
3050305	0
10325	6
3050348	0
10353	5
3050138	0
35243	4
3050304	0
481315	2
3050333	0
2003507	0
332937	2
3050336	0
340907	2
3060711	0
2762721	1
3060712	0
3118716	1
180255	0
3050344	0
50294	2
180252	0
3050267	0
93386	1
10357	0
10358	0
3050295	0
10359	2
3050137	0
50290	1
3050258	0
50292	0
1667587	1
3050319	0
2560581	0
1654930	1
3050337	0
2169863	1
548689	0
548912	0
548914	5
548913	0
1329409	1
10365	0
3050323	0
10366	3
3050324	0
28304	0
79700	1
40272	0
3050310	0
2560568	2
2842996	0
3050362	0
10397	2
10374	0
10375	0
3050250	0
106331	1
3050299	0
10376	1
3050311	0
2560569	1
10379	0
3050313	0
2560571	0
123630	1
3050315	0
154334	1
548688	0
3050281	0
12657	2
548682	0
3044698	0
3050271	0
180230	19
2559587	2
2732396	7
2732407	0
2842243	0
2842249	0
2842332	0
2842702	0
2844652	0
2786405	392
2842802	0
2845070	0
2786389	284
2497569	0
2497571	0
3151693	0
3151839	0
1980418	1
3044688	0
3059891	0
2599343	107
2734594	0
3052809	0
2748235	2
3151837	0
1980416	0
11572	0
3060478	0
2748212	1
2497570	0
2497574	0
11157	0
11270	1
2842407	0
1985692	0
1985693	0
318843	2
2842408	0
3424890	0
3426122	0
2734387	0
1608110	2
11158	0
3152209	0
186938	0
3052732	0
2847092	3
2499407	0
2501952	0
2507291	0
2845626	0
1608138	1
2842313	0
2842921	0
2845706	0
1922862	1
2732408	0
2732506	0
464095	0
675074	0
1813613	32
12058	0
2946633	0
12091	0
3429213	0
1987123	0
1708572	2
76804	0
2499399	0
11118	0
2501931	0
2730119	0
2050019	1
2732505	0
2732549	0
1661063	0
2946823	0
2955447	0
2599954	2
2732507	0
2732550	0
39729	0
12195	0
3240525	0
453050	1
2732406	0
2732461	0
675063	0
249184	0
12051	0
3048226	0
56879	1
675064	0
12176	0
3433833	0
253702	1
2732544	0
69973	0
12160	0
3428010	0
2316740	1
3428014	0
2734344	0
2338394	1
2732462	0
2732545	0
11050	0
11102	0
3052230	1
2732405	0
2732458	0
2732540	0
3415267	0
3152137	0
3153000	0
3430930	0
28882	1
2732459	0
2788829	0
2732541	0
2946187	0
10988	0
3428773	0
77698	1
2585030	0
1922348	0
1923695	2
12429	1
2204151	0
51368	0
2060084	39
1349409	43
2107709	42
1605721	30
1349410	26
2107708	24
2107707	13
1100043	3
2023203	0
3424857	0
3153073	0
3426242	0
1450746	1
79205	1
1391455	3
2080449	37
1678078	12
2732004	0
2732005	0
2732007	5
2732523	2
2732554	0
549779	1
3044648	8
3044693	0
3059904	0
2811091	13
3044761	0
3060302	0
1842663	7
3060301	0
1094892	5
3080801	0
3080759	0
2109587	4
3080760	0
1247379	3
1128137	0
1269028	2
2094720	3
3060758	0
2126985	2
3060757	0
2126984	1
315393	1
2501774	0
1128151	1
1977630	0
2763561	0
3060017	18
3044842	0
3060737	0
2024608	1
3044638	0
3080826	0
3044800	0
3047716	0
1513235	0
693272	3
3044476	0
3044747	0
3060070	0
1474867	4
3044674	0
3059777	0
1499987	1
3044456	0
3044778	0
3060432	0
2060617	4
2732555	0
3421322	0
43682	0
43680	0
328613	0
328615	27
1921707	0
3047794	0
2065215	0
158683	2
10486	0
2017756	0
10492	7
327987	0
638660	1
2017757	0
10491	0
3427925	0
1301280	3
3427923	0
345201	1
3427926	0
345195	0
68347	1
944644	0
1513458	0
1813598	0
1826170	8
1720526	1
3152990	0
1255301	0
1421067	2
3421325	0
3152140	0
3153020	0
3426221	0
2023057	4
2732524	0
10501	0
181083	0
322019	0
411359	11
346674	0
1917232	9
3427928	0
381899	1
42683	6
399781	1
455363	0
455364	13
181084	0
880158	0
2079134	2
1586714	1
1586715	1
3241176	0
373996	1
181086	0
358403	0
2565304	1
573012	0
3432138	0
97195	1
2732525	0
2732527	0
10240	0
10241	1
10257	2
3431388	0
129727	8
3431389	0
10258	2
3431390	0
129726	1
1285599	0
3428121	0
1285600	6
573055	0
3427847	0
304399	0
305674	1
2005509	0
3427843	0
1076255	1
10242	0
3431488	0
28874	1
10284	0
3152696	0
3428560	0
2083214	0
109981	1
2732526	0
137992	0
39743	0
3426474	0
10497	1
3412725	0
2946197	0
2948958	0
2956705	0
2739681	4
2732008	0
3412694	0
3412727	0
2732559	0
10508	0
10509	0
3241429	0
1962299	5
3241427	0
2170002	0
2848082	1
3241409	0
129950	1
10552	0
2955388	0
2604330	2
3426541	0
190061	2
3426517	0
1534553	0
1520006	1
3426525	0
190064	1
3426526	0
1146875	0
878329	1
3152491	0
3426635	0
2003672	0
874272	1
3403061	3
2840056	2
2840070	0
10442	1
558016	3
3047352	0
208013	7
745176	0
447897	4
3059714	0
2933796	2
3047366	0
161494	2
3047383	0
307456	0
46015	2
3048188	0
10449	2
3047753	0
320432	2
3078442	0
2315721	1
3051419	0
166921	1
3048363	0
101850	1
3048336	0
10456	1
3048238	0
262177	1
3048150	0
1070315	1
558017	0
3051997	0
56947	18
3051996	1
3048334	0
307454	1
1511852	0
1511853	0
3047860	0
432587	2
3051615	0
2053981	1
1511854	0
3052000	0
1128424	2
29250	1
3424648	0
3425038	0
3426192	0
552509	4
324686	0
1298634	0
1032474	3
292638	0
2842370	0
2843675	0
2730632	1
2731342	0
2732090	0
2732410	0
2732411	0
2732094	0
10860	0
2732875	0
2956337	0
2686285	6
2011081	1
456491	0
1352227	4
10861	0
1977402	2
1977141	1
2732092	0
2732415	0
2732422	0
2732534	0
10780	0
2732887	0
2733231	0
3052108	0
2849623	2
40119	0
1507401	1
2732421	0
2732533	0
2788857	0
151340	0
2169595	0
2169616	0
2170237	0
2847277	1
1513238	0
2169879	0
1887216	1
2732093	0
2732448	0
2732449	0
2732451	0
1911603	0
1911604	0
2747320	0
1156719	1
3412574	0
2732006	0
2732009	0
2732010	0
2732011	0
1714267	0
1714268	0
2955318	0
326574	8
2049890	0
1735722	1
2955317	0
1282967	1
3152134	0
2842743	4
2844981	0
1714273	1
2844982	0
2919548	1
2842330	0
2843153	0
3433568	0
2846687	0
2766528	1
12333	0
280702	3
