Species	Taxonomy_ID	Assigned_Reads	Fraction	RPM	Genome_Length_bp	RPKM
Shigella phage SfIV	1407493	607	0.0001	100.0	NA	NA
Gihfavirus pelohabitans	2844652	392	0.0001	64.57990115321252	NA	NA
Kinglevirus lutadaptatum	2845070	284	0.0001	46.787479406919275	NA	NA
Punavirus RCS47	2560452	252	0.0001	41.5156507413509	NA	NA
Menderavirus mendera	2846389	203	0.0	33.44316309719934	NA	NA
Sawaravirus WGPS2	2844234	169	0.0	27.841845140032948	NA	NA
Inibicvirus 613R3	3429951	161	0.0	26.523887973640857	NA	NA
Salmonella phage SEN22	1647458	152	0.0	25.041186161449755	NA	NA
Casadabanvirus R24	3059848	128	0.0	21.087314662273474	NA	NA
Citricivirus chongqinense	3059891	107	0.0	17.627677100494232	NA	NA
Radostvirus ev099	2844247	104	0.0	17.133443163097198	NA	NA
Vimunumvirus ST147VIM1phi71	2845097	103	0.0	16.968698517298186	NA	NA
Enterobacteria phage P4	10680	103	0.0	16.968698517298186	NA	NA
Pulverervirus PFR1	2170091	92	0.0	15.156507413509061	NA	NA
Punavirus P1	10678	85	0.0	14.00329489291598	NA	NA
Erskinevirus EaH2	2169883	82	0.0	13.509060955518946	NA	NA
Minunavirus Min1	2560595	77	0.0	12.685337726523887	NA	NA
Kumaovirus kumao	2956095	67	0.0	11.037891268533773	NA	NA
Escherichia phage HK639	906669	60	0.0	9.884678747940692	NA	NA
Noxifervirus noxifer	2560671	59	0.0	9.71993410214168	NA	NA
Mieseafarmvirus RSL1	1980923	56	0.0	9.225700164744646	NA	NA
Polybotosvirus Atuph07	2560286	55	0.0	9.060955518945633	NA	NA
Gemsvirus gv5004652	2955946	55	0.0	9.060955518945633	NA	NA
Pumpernickelvirus pumpernickel	3432031	54	0.0	8.896210873146623	NA	NA
Myrnavirus phabba	3430982	54	0.0	8.896210873146623	NA	NA
Escherichia phage D6	2014434	52	0.0	8.566721581548599	NA	NA
Gilesvirus giles	1982151	51	0.0	8.40197693574959	NA	NA
Enterobacteria phage mEp390	1147158	49	0.0	8.072487644151565	NA	NA
Riverridervirus riverrider	2846672	48	0.0	7.907742998352553	NA	NA
Brussowvirus 20617	3059794	48	0.0	7.907742998352553	NA	NA
Cobrasixvirus cobrasix	3059893	47	0.0	7.742998352553542	NA	NA
Wellingtonvirus wellington	2734153	44	0.0	7.248764415156507	NA	NA
Wroclawvirus PA5oct	3060806	43	0.0	7.0840197693574956	NA	NA
Pandoravirus dulcis	1349409	43	0.0	7.0840197693574956	NA	NA
Wadgaonvirus wv5004651	2956672	42	0.0	6.919275123558484	NA	NA
Pandoravirus quercus	2107709	42	0.0	6.919275123558484	NA	NA
Gilgameshvirus gilgamesh	3429029	41	0.0	6.754530477759473	NA	NA
Myrnavirus myrna	2956212	41	0.0	6.754530477759473	NA	NA
Kwaitsingvirus HK544	2169923	41	0.0	6.754530477759473	NA	NA
Natevirus nate	3060406	39	0.0	6.42504118616145	NA	NA
Marienburgvirus JLK2012	2844207	38	0.0	6.260296540362439	NA	NA
Bertelyvirus SC	2734193	37	0.0	6.095551894563426	NA	NA
Acanthamoeba castellanii medusavirus	2080449	37	0.0	6.095551894563426	NA	NA
Poindextervirus rogue	2748760	36	0.0	5.930807248764415	NA	NA
Lambdavirus DE3	3430323	35	0.0	5.766062602965404	NA	NA
Omarvirus omar	2956237	34	0.0	5.601317957166392	NA	NA
Ralstonia phage RSP15	1785960	34	0.0	5.601317957166392	NA	NA
Phitrevirus phi3	2734069	33	0.0	5.43657331136738	NA	NA
Picornavirales Bu-3	1813613	32	0.0	5.271828665568369	NA	NA
Colossusvirus PW	2734195	32	0.0	5.271828665568369	NA	NA
Charybdisvirus scam3	2734102	30	0.0	4.942339373970346	NA	NA
Branisovskavirus Kc263	3059793	30	0.0	4.942339373970346	NA	NA
Pandoravirus inopinatum	1605721	30	0.0	4.942339373970346	NA	NA
Celiavirus celia	2955597	29	0.0	4.7775947281713345	NA	NA
Medeavirus medea1	3430767	29	0.0	4.7775947281713345	NA	NA
Immutovirus immuto	2955989	28	0.0	4.612850082372323	NA	NA
Trichoplusia ni ascovirus 2c	328615	27	0.0	4.448105436573312	NA	NA
Bertelyvirus BL9	2734192	27	0.0	4.448105436573312	NA	NA
Poushouvirus Poushou	2560396	27	0.0	4.448105436573312	NA	NA
Hiyaavirus hiyaa	2734239	26	0.0	4.283360790774299	NA	NA
Pandoravirus salinus	1349410	26	0.0	4.283360790774299	NA	NA
Neferthenavirus neferthena	2734261	26	0.0	4.283360790774299	NA	NA
Pawinskivirus PS119XW	3060524	26	0.0	4.283360790774299	NA	NA
Rhizobium phage RHEph10	1220717	26	0.0	4.283360790774299	NA	NA
Eceepunavirus EcP1	2844120	26	0.0	4.283360790774299	NA	NA
Eganvirus SW9	2846110	25	0.0	4.118616144975288	NA	NA
Unicornvirus unicorn	2956580	25	0.0	4.118616144975288	NA	NA
Phabquatrovirus PHB04	2734129	24	0.0	3.9538714991762767	NA	NA
Pandoravirus neocaledonia	2107708	24	0.0	3.9538714991762767	NA	NA
Kenyattavirus kv136	3060064	23	0.0	3.7891268533772653	NA	NA
Nickievirus nickie	2560688	23	0.0	3.7891268533772653	NA	NA
Agatevirus bobb	1910936	23	0.0	3.7891268533772653	NA	NA
Peduovirus fiAA91ss	2560457	22	0.0	3.6243822075782535	NA	NA
Appavirus appa	2734215	22	0.0	3.6243822075782535	NA	NA
Baikalvirus PaBG	2734089	22	0.0	3.6243822075782535	NA	NA
Ishigurovirus osborne	260149	22	0.0	3.6243822075782535	NA	NA
Mollymurvirus mollymur	3060390	22	0.0	3.6243822075782535	NA	NA
Enterobacteria phage phi80	10713	21	0.0	3.459637561779242	NA	NA
Bongovirus bongo	1983750	21	0.0	3.459637561779242	NA	NA
Oslovirus PA2	1981168	21	0.0	3.459637561779242	NA	NA
Tsukamurella phage TPA4	1647476	21	0.0	3.459637561779242	NA	NA
Sleepyheadvirus sleepyhead	2846061	21	0.0	3.459637561779242	NA	NA
Eganvirus EtG	2734059	21	0.0	3.459637561779242	NA	NA
Miltoncavirus PhiPA3	3060307	21	0.0	3.459637561779242	NA	NA
Ceetrepovirus darwin	3427838	21	0.0	3.459637561779242	NA	NA
Oneupvirus oneup	1982560	20	0.0	3.2948929159802307	NA	NA
Wongtaivirus ECP1	2844189	20	0.0	3.2948929159802307	NA	NA
Glaedevirus gv2H10	2844173	20	0.0	3.2948929159802307	NA	NA
Ampunavirus RSPI1	2733590	20	0.0	3.2948929159802307	NA	NA
Chrysonvirus as5	2955700	20	0.0	3.2948929159802307	NA	NA
Enterobacteria phage phiP27	103807	20	0.0	3.2948929159802307	NA	NA
Cyvirus cyprinidallo3	3050271	19	0.0	3.1301482701812193	NA	NA
Chakrabartyvirus pf16	2560689	19	0.0	3.1301482701812193	NA	NA
Tresduoquattuorvirus YenM324	3060747	19	0.0	3.1301482701812193	NA	NA
Busanvirus ACP17	2560261	18	0.0	2.9654036243822075	NA	NA
Fadolivirus algeromassiliense	3060017	18	0.0	2.9654036243822075	NA	NA
Betabaculovirus chofumiferanae	3051997	18	0.0	2.9654036243822075	NA	NA
Bronvirus bron	3427627	18	0.0	2.9654036243822075	NA	NA
Cuauhnahuacvirus Y65	3059911	18	0.0	2.9654036243822075	NA	NA
Punavirus SJ46	2560732	18	0.0	2.9654036243822075	NA	NA
Salmonella phage SPN3UB	1147140	18	0.0	2.9654036243822075	NA	NA
Borockvirus brock	2846393	18	0.0	2.9654036243822075	NA	NA
Daredevilvirus daredevil	2734229	17	0.0	2.800658978583196	NA	NA
Bievrevirus bv4A7	2844174	17	0.0	2.800658978583196	NA	NA
Ludhianavirus LAh10	3060173	17	0.0	2.800658978583196	NA	NA
Anchaingvirus anchaing	2846038	17	0.0	2.800658978583196	NA	NA
Dolmabahcevirus turkishdelight	3428314	17	0.0	2.800658978583196	NA	NA
Krompvirus kromp	3430283	16	0.0	2.6359143327841843	NA	NA
Donellivirus gee	1084719	16	0.0	2.6359143327841843	NA	NA
Teubervirus Q1	2845481	16	0.0	2.6359143327841843	NA	NA
Citexvirus dobby	2734058	16	0.0	2.6359143327841843	NA	NA
Lilmcdreamyvirus lilmcdreamy	2956123	16	0.0	2.6359143327841843	NA	NA
Oneupvirus brutongaster	2734263	16	0.0	2.6359143327841843	NA	NA
Finkelvirus finkel	3428776	16	0.0	2.6359143327841843	NA	NA
Stanholtvirus E125	180504	15	0.0	2.471169686985173	NA	NA
Dendoorenvirus RG2014	2844071	15	0.0	2.471169686985173	NA	NA
Watanabevirus wv3521	2845126	15	0.0	2.471169686985173	NA	NA
Gaiavirus gaia	1982148	15	0.0	2.471169686985173	NA	NA
Jouyvirus ev017	2844245	15	0.0	2.471169686985173	NA	NA
Cronobacter phage ENT47670	984186	15	0.0	2.471169686985173	NA	NA
Salmonella phage ST64B	175950	15	0.0	2.471169686985173	NA	NA
Cuauhtlivirus mEpX1	2169927	15	0.0	2.471169686985173	NA	NA
Matervirus mater	2560332	15	0.0	2.471169686985173	NA	NA
Nodensvirus spm2	2734126	15	0.0	2.471169686985173	NA	NA
Hiroshimavirus PPpW3	3060034	14	0.0	2.3064250411861615	NA	NA
Cronobacter phage ENT39118	984175	14	0.0	2.3064250411861615	NA	NA
Enterobacteria phage SfV	55884	13	0.0	2.1416803953871497	NA	NA
Piscesmortuivirus LPM4	3060630	13	0.0	2.1416803953871497	NA	NA
Abidjanvirus PaMx11	3425958	13	0.0	2.1416803953871497	NA	NA
Shenzhenivirus sszbm1	3060701	13	0.0	2.1416803953871497	NA	NA
Cinqassovirus aeh1	227470	13	0.0	2.1416803953871497	NA	NA
Cyamitesvirus I16	3059912	13	0.0	2.1416803953871497	NA	NA
Chrysochromulina ericina virus	455364	13	0.0	2.1416803953871497	NA	NA
Cotonvirus japonicum	3059904	13	0.0	2.1416803953871497	NA	NA
Pandoravirus macleodensis	2107707	13	0.0	2.1416803953871497	NA	NA
Aokuangvirus SCBWM1	2734084	12	0.0	1.9769357495881383	NA	NA
Eganvirus PsP3	12407	12	0.0	1.9769357495881383	NA	NA
Asteriusvirus PBECO4	2560463	12	0.0	1.9769357495881383	NA	NA
Ravarandavirus kac68v161	2845690	12	0.0	1.9769357495881383	NA	NA
Ravinvirus N15	40631	12	0.0	1.9769357495881383	NA	NA
Mollivirus sibericum	1678078	12	0.0	1.9769357495881383	NA	NA
Tulanevirus aes12	1921530	12	0.0	1.9769357495881383	NA	NA
Pseudomonas phage YMC11/07/P54_PAE_BP	1777064	12	0.0	1.9769357495881383	NA	NA
Shangdongvirus ply2008005c	3432383	12	0.0	1.9769357495881383	NA	NA
Gegevirus ST437OXA245phi41	2955944	11	0.0	1.8121911037891267	NA	NA
Rhodococcus phage REQ1	1109712	11	0.0	1.8121911037891267	NA	NA
Chlorovirus heliozoae	322019	11	0.0	1.8121911037891267	NA	NA
Sarumanvirus bcepsaruman	2843896	11	0.0	1.8121911037891267	NA	NA
Erskinevirus asesino	2169882	11	0.0	1.8121911037891267	NA	NA
Elveevirus 4LV2017	2734062	11	0.0	1.8121911037891267	NA	NA
Hollowayvirus H66	1273707	11	0.0	1.8121911037891267	NA	NA
Certrevirus CR9	1914899	11	0.0	1.8121911037891267	NA	NA
Sarumanvirus bcepsauron	2843897	11	0.0	1.8121911037891267	NA	NA
Hadassahvirus pht2	2843638	11	0.0	1.8121911037891267	NA	NA
Brucella phage BiPBO1	1718278	11	0.0	1.8121911037891267	NA	NA
Pectobacterium phage ZF40	1127516	11	0.0	1.8121911037891267	NA	NA
Richievirus auxilium	3060667	11	0.0	1.8121911037891267	NA	NA
Rogerhendrixvirus hendrix	2734268	11	0.0	1.8121911037891267	NA	NA
Delepquintavirus DLP5	2560782	11	0.0	1.8121911037891267	NA	NA
Dagavirus ST13OXA48phi121	2955736	10	0.0	1.6474464579901154	NA	NA
Varicellovirus suidalpha1	3050355	10	0.0	1.6474464579901154	NA	NA
Mylasvirus persius	1914020	10	0.0	1.6474464579901154	NA	NA
Machinavirus machina	2169990	10	0.0	1.6474464579901154	NA	NA
Lederbergvirus BTP1	1934252	10	0.0	1.6474464579901154	NA	NA
Muldoonvirus muldoon	2846182	10	0.0	1.6474464579901154	NA	NA
Getalongvirus bentherdunthat	2734199	10	0.0	1.6474464579901154	NA	NA
Acinetobacter phage YMC13/03/R2096	1560342	10	0.0	1.6474464579901154	NA	NA
Enterobacteria phage ES18	101570	10	0.0	1.6474464579901154	NA	NA
Vanleevirus vanlee	3433098	10	0.0	1.6474464579901154	NA	NA
Readingvirus MR15	3432142	9	0.0	1.4827018121911038	NA	NA
Rauchvirus BPP1	194699	9	0.0	1.4827018121911038	NA	NA
Harrisonburgvirus persinger	2955983	9	0.0	1.4827018121911038	NA	NA
Likavirus lannister	1982889	9	0.0	1.4827018121911038	NA	NA
Rhodovulum phage RS1	754056	9	0.0	1.4827018121911038	NA	NA
Only Syngen Nebraska virus 5	1917232	9	0.0	1.4827018121911038	NA	NA
Faustvirus faust	3059994	9	0.0	1.4827018121911038	NA	NA
Liefievirus paito	2956114	9	0.0	1.4827018121911038	NA	NA
Pylasvirus pylas	2845095	9	0.0	1.4827018121911038	NA	NA
Stormageddonvirus Stormageddon	2956470	8	0.0	1.3179571663920921	NA	NA
Camtrevirus S3501	2843789	8	0.0	1.3179571663920921	NA	NA
Eneladusvirus Yen904	2560849	8	0.0	1.3179571663920921	NA	NA
Luchadorvirus gail	3430508	8	0.0	1.3179571663920921	NA	NA
Coatlandelriovirus RSP	2955710	8	0.0	1.3179571663920921	NA	NA
Peduovirus pro483	2560459	8	0.0	1.3179571663920921	NA	NA
Peduovirus STYP1	2939038	8	0.0	1.3179571663920921	NA	NA
Eganvirus ev186	29252	8	0.0	1.3179571663920921	NA	NA
Sedonavirus tusconh	2956426	8	0.0	1.3179571663920921	NA	NA
Cuauhnahuacvirus TM30	3059910	8	0.0	1.3179571663920921	NA	NA
Nerrivikvirus srim2	2734125	8	0.0	1.3179571663920921	NA	NA
Jacevirus jace	2734240	8	0.0	1.3179571663920921	NA	NA
Godonkavirus godonK	2734237	8	0.0	1.3179571663920921	NA	NA
Powvirus S08C41	2733950	8	0.0	1.3179571663920921	NA	NA
Poindextervirus BL10	2734196	8	0.0	1.3179571663920921	NA	NA
Ampunavirus BpAMP1	2733589	8	0.0	1.3179571663920921	NA	NA
Kwaitsingvirus HK446	2169921	8	0.0	1.3179571663920921	NA	NA
Shapirovirus cbk	1204537	8	0.0	1.3179571663920921	NA	NA
Sinorhizobium phage phiLM21	1524882	8	0.0	1.3179571663920921	NA	NA
Arsenicumvirus M163	3059738	8	0.0	1.3179571663920921	NA	NA
Parapoxvirus bovinestomatitis	3431388	8	0.0	1.3179571663920921	NA	NA
Tokyovirus A1	1826170	8	0.0	1.3179571663920921	NA	NA
Chlorovirus conductrix	3427928	8	0.0	1.3179571663920921	NA	NA
Alphasphaerolipovirus serpentinense	2955318	8	0.0	1.3179571663920921	NA	NA
Fromanvirus trixie	1993867	7	0.0	1.1532125205930808	NA	NA
Caelumvirus issmi	2955567	7	0.0	1.1532125205930808	NA	NA
Varicellovirus caprinealpha1	3050252	7	0.0	1.1532125205930808	NA	NA
Megavirus powaiense	3060302	7	0.0	1.1532125205930808	NA	NA
Manovirus Mano	2956185	7	0.0	1.1532125205930808	NA	NA
Derbicusvirus derbicus	2734104	7	0.0	1.1532125205930808	NA	NA
Cukevirus cuke	2845649	7	0.0	1.1532125205930808	NA	NA
Pradovirus f30	1985735	7	0.0	1.1532125205930808	NA	NA
Eneladusvirus BF	2560751	7	0.0	1.1532125205930808	NA	NA
Xoxocotlavirus X228B	3060807	7	0.0	1.1532125205930808	NA	NA
Tequatrovirus mlf4	2956501	7	0.0	1.1532125205930808	NA	NA
Brujitavirus babsiella	1089115	7	0.0	1.1532125205930808	NA	NA
Deseoctovirus DS8	2955752	7	0.0	1.1532125205930808	NA	NA
Betterkatzvirus betterkatz	2560485	7	0.0	1.1532125205930808	NA	NA
Kehishuvirus splanchnicus	2956054	7	0.0	1.1532125205930808	NA	NA
Typhavirus typha	2956575	7	0.0	1.1532125205930808	NA	NA
Parlovirus parlo	2846185	7	0.0	1.1532125205930808	NA	NA
Haihevirus PP9W2	3429152	7	0.0	1.1532125205930808	NA	NA
Alphabaculovirus agipsilonis	3047352	7	0.0	1.1532125205930808	NA	NA
Bcepmuvirus bcepMu	264729	7	0.0	1.1532125205930808	NA	NA
Paadamvirus RHEph01	2733939	7	0.0	1.1532125205930808	NA	NA
Brigitvirus brigit	2734096	7	0.0	1.1532125205930808	NA	NA
Nanhaivirus D5C	2560407	7	0.0	1.1532125205930808	NA	NA
Fuzanglongvirus ZL12	3428900	7	0.0	1.1532125205930808	NA	NA
Bantamvirus bantam	2560484	6	0.0	0.9884678747940692	NA	NA
Siftrevirus SF3	3060706	6	0.0	0.9884678747940692	NA	NA
Neptunevirus srim18	2734121	6	0.0	0.9884678747940692	NA	NA
Erwinia phage vB_EamM_Caitlin	1883379	6	0.0	0.9884678747940692	NA	NA
Keylargovirus JL001	279383	6	0.0	0.9884678747940692	NA	NA
Sixamavirus sixama	3060713	6	0.0	0.9884678747940692	NA	NA
Siaravirus siara	3060703	6	0.0	0.9884678747940692	NA	NA
Vojvodinavirus CN2	3433288	6	0.0	0.9884678747940692	NA	NA
Puppervirus Pupper	2956343	6	0.0	0.9884678747940692	NA	NA
Saguarovirus saguaro	2956386	6	0.0	0.9884678747940692	NA	NA
Yushanluvirus satich	3060825	6	0.0	0.9884678747940692	NA	NA
Coopervirus cooper	1983117	6	0.0	0.9884678747940692	NA	NA
Bippervirus bipper	2955496	6	0.0	0.9884678747940692	NA	NA
Liefievirus taheera	2956116	6	0.0	0.9884678747940692	NA	NA
Gualtarvirus mp1	2955964	6	0.0	0.9884678747940692	NA	NA
Angelvirus px29	2955358	6	0.0	0.9884678747940692	NA	NA
Simplexvirus macacinealpha1	3050305	6	0.0	0.9884678747940692	NA	NA
Pokkenvirus piffle	3060635	6	0.0	0.9884678747940692	NA	NA
Aresaunavirus RsoM1USA	2079257	6	0.0	0.9884678747940692	NA	NA
Skogvirus Skog	2956463	6	0.0	0.9884678747940692	NA	NA
Anayavirus nibb	2955346	6	0.0	0.9884678747940692	NA	NA
Burkholderia phage KS9	335797	6	0.0	0.9884678747940692	NA	NA
Pseudomonas phage MD8	1868596	6	0.0	0.9884678747940692	NA	NA
Enterobacteria phage HK225	1147144	6	0.0	0.9884678747940692	NA	NA
Lactococcus phage PLgT-1	1815955	6	0.0	0.9884678747940692	NA	NA
Salmonella phage 118970_sal3	1813771	6	0.0	0.9884678747940692	NA	NA
Varunavirus BUCT194	3060796	6	0.0	0.9884678747940692	NA	NA
Beenievirus easley	3059766	6	0.0	0.9884678747940692	NA	NA
Pankowvirus YYZ2008	2844135	6	0.0	0.9884678747940692	NA	NA
Tequatrovirus ozark	2844216	6	0.0	0.9884678747940692	NA	NA
Marfavirus F48	2845079	6	0.0	0.9884678747940692	NA	NA
Felsduovirus SEN8	2734064	6	0.0	0.9884678747940692	NA	NA
Backyardiganvirus noelle	2955405	6	0.0	0.9884678747940692	NA	NA
Zetavirus zeta1847	2734292	6	0.0	0.9884678747940692	NA	NA
Primolicivirus Pf8	2956337	6	0.0	0.9884678747940692	NA	NA
Aurodevirus hiberniae	2955382	6	0.0	0.9884678747940692	NA	NA
Trinavirus trina	2560705	6	0.0	0.9884678747940692	NA	NA
Crocodylidpoxvirus nilecrocodilepox	3428121	6	0.0	0.9884678747940692	NA	NA
Eganvirus BIS20	3059976	6	0.0	0.9884678747940692	NA	NA
Nymphadoravirus thankyoujordi	3060431	6	0.0	0.9884678747940692	NA	NA
Eganvirus SEN1	2734060	6	0.0	0.9884678747940692	NA	NA
Schmidtvirus schmidt	2956401	6	0.0	0.9884678747940692	NA	NA
Acinetobacter phage vB_AbaM_Acibel004	1481186	6	0.0	0.9884678747940692	NA	NA
Bridgettevirus peas	2734226	5	0.0	0.8237232289950577	NA	NA
Pseudomonas phage Lu11	1161927	5	0.0	0.8237232289950577	NA	NA
Enterobacteria phage mEp237	1147151	5	0.0	0.8237232289950577	NA	NA
Stenotrophomonas phage S1	573591	5	0.0	0.8237232289950577	NA	NA
Cheoctovirus SG4	3427890	5	0.0	0.8237232289950577	NA	NA
Antsirabevirus antsirabe	2955364	5	0.0	0.8237232289950577	NA	NA
Wodongavirus REQ3	3433490	5	0.0	0.8237232289950577	NA	NA
Citexvirus BR319A	2955705	5	0.0	0.8237232289950577	NA	NA
Peduovirus FSLSP004	3431429	5	0.0	0.8237232289950577	NA	NA
Goodmanvirus goodman	2734238	5	0.0	0.8237232289950577	NA	NA
Brunovirus SEN34	2560731	5	0.0	0.8237232289950577	NA	NA
Micavirus Mica	2956191	5	0.0	0.8237232289950577	NA	NA
Montyvirus stevefrench	2734258	5	0.0	0.8237232289950577	NA	NA
Cimandefvirus cimandef	2846040	5	0.0	0.8237232289950577	NA	NA
Wilnyevirus billnye	2560486	5	0.0	0.8237232289950577	NA	NA
Mycobacterium phage KayaCho	1340830	5	0.0	0.8237232289950577	NA	NA
Tomasvirus tomas	3060743	5	0.0	0.8237232289950577	NA	NA
Salmonella phage epsilon34	348058	5	0.0	0.8237232289950577	NA	NA
Xuanwuvirus xv520873	2844179	5	0.0	0.8237232289950577	NA	NA
Anayavirus curiosium	2955339	5	0.0	0.8237232289950577	NA	NA
Anayavirus yunkel11	2955353	5	0.0	0.8237232289950577	NA	NA
Zicotriavirus ZC08	2845968	5	0.0	0.8237232289950577	NA	NA
Jiangsuvirus pspyzu05	2956010	5	0.0	0.8237232289950577	NA	NA
Elephant endotheliotropic herpesvirus 4	548914	5	0.0	0.8237232289950577	NA	NA
Megavirus chilense	3060301	5	0.0	0.8237232289950577	NA	NA
Raleighvirus raleigh	2734267	5	0.0	0.8237232289950577	NA	NA
Schnabeltiervirus schnabeltier	2734276	5	0.0	0.8237232289950577	NA	NA
Mycobacterium phage Fredward	1354510	5	0.0	0.8237232289950577	NA	NA
Bristolvirus rhodeisland	2955536	5	0.0	0.8237232289950577	NA	NA
Fromanvirus perseus	1076136	5	0.0	0.8237232289950577	NA	NA
Atlauavirus tusconc8	2734085	5	0.0	0.8237232289950577	NA	NA
Colossusvirus colossus	2734194	5	0.0	0.8237232289950577	NA	NA
Simpcentumvirus Smp131	2734074	5	0.0	0.8237232289950577	NA	NA
Salmonella phage vB_SemP_Emek	1168548	5	0.0	0.8237232289950577	NA	NA
Simplexvirus saimiriinealpha1	3050348	5	0.0	0.8237232289950577	NA	NA
Nochtlivirus mEp235	2844138	5	0.0	0.8237232289950577	NA	NA
Anaposvirus socalone	2734083	5	0.0	0.8237232289950577	NA	NA
Chunghsingvirus P1201	3427939	5	0.0	0.8237232289950577	NA	NA
Varicellovirus cervidalpha2	3050260	5	0.0	0.8237232289950577	NA	NA
Mastadenovirus longumcaudae	3241429	5	0.0	0.8237232289950577	NA	NA
Lilbeanievirus lilbeanie	2956122	5	0.0	0.8237232289950577	NA	NA
Sanovirus sano	3432251	5	0.0	0.8237232289950577	NA	NA
Zedzedvirus zz1	2843640	5	0.0	0.8237232289950577	NA	NA
Elpedvirus LpeD	2845137	5	0.0	0.8237232289950577	NA	NA
Pylasvirus KpCHEMY26	2845089	5	0.0	0.8237232289950577	NA	NA
Vellamovirus syn1	2734151	5	0.0	0.8237232289950577	NA	NA
Santhisvirus reyja	3432254	5	0.0	0.8237232289950577	NA	NA
Silentrexvirus silentrx	3060710	5	0.0	0.8237232289950577	NA	NA
Bixzunavirus Bxz1	2006134	5	0.0	0.8237232289950577	NA	NA
Malagasyrosevirus malagasyrose	3430611	5	0.0	0.8237232289950577	NA	NA
Aceathervirus RM10	3425976	5	0.0	0.8237232289950577	NA	NA
Chidieberevirus chisanakitsune	3059874	5	0.0	0.8237232289950577	NA	NA
Hafyongvirus yong1	3429141	5	0.0	0.8237232289950577	NA	NA
Phrappuccinovirus phrappuccino	3431661	5	0.0	0.8237232289950577	NA	NA
Mydovirus mydo	2845940	5	0.0	0.8237232289950577	NA	NA
Amginevirus darthP	2955326	5	0.0	0.8237232289950577	NA	NA
Barnyardvirus barnyard	1982363	5	0.0	0.8237232289950577	NA	NA
Thonkovirus thonko	2956529	5	0.0	0.8237232289950577	NA	NA
Cinvestavvirus PaMx74	3427948	5	0.0	0.8237232289950577	NA	NA
Chymeravirus chymera	3427943	4	0.0	0.6589785831960461	NA	NA
Seahorsevirus seahorse	3060691	4	0.0	0.6589785831960461	NA	NA
Magiavirus magia	3060177	4	0.0	0.6589785831960461	NA	NA
Colneyvirus CDKM15	2843966	4	0.0	0.6589785831960461	NA	NA
Kratosvirus quantuckense	3060070	4	0.0	0.6589785831960461	NA	NA
Oceanusvirus kaneohense	3060432	4	0.0	0.6589785831960461	NA	NA
Kimonavirus kimona	2956059	4	0.0	0.6589785831960461	NA	NA
Sansavirus sansa	3432252	4	0.0	0.6589785831960461	NA	NA
Asteriusvirus av121Q	2560436	4	0.0	0.6589785831960461	NA	NA
Moumouvirus australiense	3080759	4	0.0	0.6589785831960461	NA	NA
Phikzvirus phiKZ	169683	4	0.0	0.6589785831960461	NA	NA
Bongovirus reindeer	2955514	4	0.0	0.6589785831960461	NA	NA
Yosifvirus yosif	2956707	4	0.0	0.6589785831960461	NA	NA
Yautsimvirus HK140	2844127	4	0.0	0.6589785831960461	NA	NA
Simplexvirus atelinealpha1	3050138	4	0.0	0.6589785831960461	NA	NA
Caelumvirus alvy	2955564	4	0.0	0.6589785831960461	NA	NA
Scyllavirus aitchnine	3060690	4	0.0	0.6589785831960461	NA	NA
Tedavirus A829	2841302	4	0.0	0.6589785831960461	NA	NA
Camvirus alsaber	2955572	4	0.0	0.6589785831960461	NA	NA
Lessievirus bcepmigl	1195073	4	0.0	0.6589785831960461	NA	NA
Karamvirus pg7	1913655	4	0.0	0.6589785831960461	NA	NA
Sugarlandvirus IME260	2560539	4	0.0	0.6589785831960461	NA	NA
Caulobacter virus Karma	1211641	4	0.0	0.6589785831960461	NA	NA
Cronobacter phage S13	1327935	4	0.0	0.6589785831960461	NA	NA
Lastavirus lasta	2845090	4	0.0	0.6589785831960461	NA	NA
Mimasvirus GAP32	2560400	4	0.0	0.6589785831960461	NA	NA
Gofduovirus GF2	2560409	4	0.0	0.6589785831960461	NA	NA
Kungbxnavirus pT24	2846436	4	0.0	0.6589785831960461	NA	NA
Commandariavirus commandaria	3428071	4	0.0	0.6589785831960461	NA	NA
Phabiovirus phabio	3060550	4	0.0	0.6589785831960461	NA	NA
Rahariannevirus raharianne	2846050	4	0.0	0.6589785831960461	NA	NA
Bowservirus bowser	2560487	4	0.0	0.6589785831960461	NA	NA
Leonardvirus melbins	2956112	4	0.0	0.6589785831960461	NA	NA
Donnerlittchenvirus donnerlittchenvirus	3428316	4	0.0	0.6589785831960461	NA	NA
Elvirus EL	1984787	4	0.0	0.6589785831960461	NA	NA
Henunavirus SNUABM01	2844165	4	0.0	0.6589785831960461	NA	NA
Bugaksanvirus R656	3427643	4	0.0	0.6589785831960461	NA	NA
Mydovirus Ro1	2846052	4	0.0	0.6589785831960461	NA	NA
Agricanvirus specialG	1984781	4	0.0	0.6589785831960461	NA	NA
Seoulvirus SPN3US	1984796	4	0.0	0.6589785831960461	NA	NA
Ericdabvirus ericdab	3059992	4	0.0	0.6589785831960461	NA	NA
Bosavirus Axl1	3427564	4	0.0	0.6589785831960461	NA	NA
Bigmanorsvirus bgmanors32	3059778	4	0.0	0.6589785831960461	NA	NA
Jerseyvirus JD01	3430047	4	0.0	0.6589785831960461	NA	NA
Grutrevirus GMA5	3060025	4	0.0	0.6589785831960461	NA	NA
Birdsnestvirus birdsnest	2955497	4	0.0	0.6589785831960461	NA	NA
Yaravirus brasiliense	2956705	4	0.0	0.6589785831960461	NA	NA
Peduovirus magyaro	2844258	4	0.0	0.6589785831960461	NA	NA
Klausavirus kburrousTX	2843725	4	0.0	0.6589785831960461	NA	NA
Salmonella phage SSU5	1177632	4	0.0	0.6589785831960461	NA	NA
Mythimna unipuncta nucleopolyhedrovirus	447897	4	0.0	0.6589785831960461	NA	NA
Alphafilamentovirus leboulardi	3426192	4	0.0	0.6589785831960461	NA	NA
Alphaorpheovirus massiliense	3426221	4	0.0	0.6589785831960461	NA	NA
Tequatrovirus zeen18	2846681	4	0.0	0.6589785831960461	NA	NA
Cimandefvirus Ggerry	2846046	4	0.0	0.6589785831960461	NA	NA
Baileybluvirus baileyblu	3059755	4	0.0	0.6589785831960461	NA	NA
Gordonia phage UmaThurman	1821563	4	0.0	0.6589785831960461	NA	NA
Mementomorivirus matzah	3430796	4	0.0	0.6589785831960461	NA	NA
Nevillevirus rabbitrun	3060414	4	0.0	0.6589785831960461	NA	NA
Bignuzvirus bignuz	1983736	4	0.0	0.6589785831960461	NA	NA
Ralstonia phage RSS30	1352227	4	0.0	0.6589785831960461	NA	NA
Baxterfoxvirus baxterfox	3426655	4	0.0	0.6589785831960461	NA	NA
Mycoplasma phage phiMFV1	280702	3	0.0	0.4942339373970346	NA	NA
Citexvirus phiCTX	35343	3	0.0	0.4942339373970346	NA	NA
Lahexavirus lv44572	2843648	3	0.0	0.4942339373970346	NA	NA
Klausavirus lymara	2843728	3	0.0	0.4942339373970346	NA	NA
Ringroadvirus BUCT47333	3432165	3	0.0	0.4942339373970346	NA	NA
Klausavirus colucci	2560302	3	0.0	0.4942339373970346	NA	NA
Aptresvirus mana	2955375	3	0.0	0.4942339373970346	NA	NA
Betaguttavirus kodakarajimaense	1032474	3	0.0	0.4942339373970346	NA	NA
Salmonella phage vB_SosS_Oslo	1168549	3	0.0	0.4942339373970346	NA	NA
Sinorhizobium phage PBC5	179237	3	0.0	0.4942339373970346	NA	NA
Rhodococcus phage E3	1007869	3	0.0	0.4942339373970346	NA	NA
Ralstonia phage RS138	1483485	3	0.0	0.4942339373970346	NA	NA
Aurantimonas phage AmM-1	1503929	3	0.0	0.4942339373970346	NA	NA
Nocardia phage NBR1	1109711	3	0.0	0.4942339373970346	NA	NA
Uetakevirus phiV10	1982579	3	0.0	0.4942339373970346	NA	NA
Jolieduovirus mercurio	2956026	3	0.0	0.4942339373970346	NA	NA
Pinnievirus pinnie	2956319	3	0.0	0.4942339373970346	NA	NA
Mycobacterium phage AnnaL29	1076630	3	0.0	0.4942339373970346	NA	NA
Foxborovirus GTE8	2955912	3	0.0	0.4942339373970346	NA	NA
Xooduovirus QDWS359	3433525	3	0.0	0.4942339373970346	NA	NA
Kochikohdavirus ECP3	2560418	3	0.0	0.4942339373970346	NA	NA
Sciuriunavirus SscM1	2734053	3	0.0	0.4942339373970346	NA	NA
Shapirovirus swift	1211644	3	0.0	0.4942339373970346	NA	NA
Ithacavirus SP058	2170216	3	0.0	0.4942339373970346	NA	NA
Anayavirus adonis	2955332	3	0.0	0.4942339373970346	NA	NA
Certevirus C23	3059855	3	0.0	0.4942339373970346	NA	NA
Britbratvirus britbrat	2560489	3	0.0	0.4942339373970346	NA	NA
Coeurvirus coeur	3059894	3	0.0	0.4942339373970346	NA	NA
Gustavvirus gustav	2560501	3	0.0	0.4942339373970346	NA	NA
Midgardsormrvirus midgardsormr38	3060306	3	0.0	0.4942339373970346	NA	NA
Lanavirus lana	2734243	3	0.0	0.4942339373970346	NA	NA
Gillianvirus oneinagillian	2734236	3	0.0	0.4942339373970346	NA	NA
Karimacvirus wofford	3430115	3	0.0	0.4942339373970346	NA	NA
Nyceiraevirus nyceirae	2560506	3	0.0	0.4942339373970346	NA	NA
Veewebvirus vwb	3060797	3	0.0	0.4942339373970346	NA	NA
Seussvirus seuss	2734278	3	0.0	0.4942339373970346	NA	NA
Skulduggeryvirus skulduggery	3060714	3	0.0	0.4942339373970346	NA	NA
Fajavirus faja	3059993	3	0.0	0.4942339373970346	NA	NA
Weaselvirus weasel	2560706	3	0.0	0.4942339373970346	NA	NA
Hadassahvirus azbtza1	2843628	3	0.0	0.4942339373970346	NA	NA
Acajnonavirus acj9	2843630	3	0.0	0.4942339373970346	NA	NA
Erwinia phage vB_EamM_ChrisDB	1883371	3	0.0	0.4942339373970346	NA	NA
Tepukevirus Psa21	3060728	3	0.0	0.4942339373970346	NA	NA
Laroyevirus wheelbite	2843734	3	0.0	0.4942339373970346	NA	NA
Veracruzvirus MA5	2956637	3	0.0	0.4942339373970346	NA	NA
Veracruzvirus babyboy	2956638	3	0.0	0.4942339373970346	NA	NA
Grutrevirus GRU3	3060026	3	0.0	0.4942339373970346	NA	NA
Ittyvirus itty13	3060058	3	0.0	0.4942339373970346	NA	NA
Hapunavirus HAP1	499235	3	0.0	0.4942339373970346	NA	NA
Samunavirus SM1	2560683	3	0.0	0.4942339373970346	NA	NA
Ghobesvirus ghobes	2560499	3	0.0	0.4942339373970346	NA	NA
Hnatkovirus DS6A	2845650	3	0.0	0.4942339373970346	NA	NA
Finchvirus finch	2955888	3	0.0	0.4942339373970346	NA	NA
Pikminvirus pikmin	2560596	3	0.0	0.4942339373970346	NA	NA
Bixzunavirus tonenili	2955509	3	0.0	0.4942339373970346	NA	NA
Ceetrepovirus kimchi1738	2955595	3	0.0	0.4942339373970346	NA	NA
Streptomyces phage SV1	1204525	3	0.0	0.4942339373970346	NA	NA
Chenonavirus Che9c	205872	3	0.0	0.4942339373970346	NA	NA
Phormidium phage MIS-PhV1A	1391455	3	0.0	0.4942339373970346	NA	NA
Ferozepurvirus pAEv1810	3059998	3	0.0	0.4942339373970346	NA	NA
Petsuvirus pEtSU	2734128	3	0.0	0.4942339373970346	NA	NA
Rheavirus sinusmexicani	3047716	3	0.0	0.4942339373970346	NA	NA
Gediminasvirus AchV4	2955942	3	0.0	0.4942339373970346	NA	NA
Metamorphoovirus teamocil	3430820	3	0.0	0.4942339373970346	NA	NA
Meganvirus megan	3430775	3	0.0	0.4942339373970346	NA	NA
Jouyvirus ev207	2844249	3	0.0	0.4942339373970346	NA	NA
Microbacterium phage Quenya	2776868	3	0.0	0.4942339373970346	NA	NA
Respirovirus ratufae	3052732	3	0.0	0.4942339373970346	NA	NA
Muromegalovirus muridbeta1	3050323	3	0.0	0.4942339373970346	NA	NA
Caulobacter virus Magneto	1211642	3	0.0	0.4942339373970346	NA	NA
Anayavirus kisi	2955340	3	0.0	0.4942339373970346	NA	NA
Timquatrovirus zoeJ	2956533	3	0.0	0.4942339373970346	NA	NA
Tulanevirus 60ahydrpp	2956562	3	0.0	0.4942339373970346	NA	NA
Cinqassovirus ah1	2955704	3	0.0	0.4942339373970346	NA	NA
Petruschkyvirus QDWS595	3060549	3	0.0	0.4942339373970346	NA	NA
Zurivirus zuri	2845969	3	0.0	0.4942339373970346	NA	NA
Enterobacteria phage ST104	221029	3	0.0	0.4942339373970346	NA	NA
Salmonella phage UPF_BP1	1912492	3	0.0	0.4942339373970346	NA	NA
Firavirus YenM4218	3060000	3	0.0	0.4942339373970346	NA	NA
Aresaunavirus RSA1	406340	3	0.0	0.4942339373970346	NA	NA
Bronvirus ohshaghennessy	2955543	3	0.0	0.4942339373970346	NA	NA
Reyvirus rey	1983751	3	0.0	0.4942339373970346	NA	NA
Caelumvirus daudau	2955566	3	0.0	0.4942339373970346	NA	NA
Equid herpesvirus 6	173566	3	0.0	0.4942339373970346	NA	NA
Moumouvirus goulettemassiliense	3080760	3	0.0	0.4942339373970346	NA	NA
Apis mellifera filamentous virus	1100043	3	0.0	0.4942339373970346	NA	NA
Sukkupivirus nadinerae	2956476	3	0.0	0.4942339373970346	NA	NA
Serangoonvirus essarone	3060697	3	0.0	0.4942339373970346	NA	NA
Cymopoleiavirus swam2	2734103	3	0.0	0.4942339373970346	NA	NA
Yellowseavirus thirtyeight	3060818	3	0.0	0.4942339373970346	NA	NA
Tefnutvirus siom18	2734147	3	0.0	0.4942339373970346	NA	NA
Tequatrovirus ecomufv133	2956497	3	0.0	0.4942339373970346	NA	NA
Jiaodavirus kp179	2956011	3	0.0	0.4942339373970346	NA	NA
Jiaodavirus kpv477	2956013	3	0.0	0.4942339373970346	NA	NA
Tegunavirus r1rt	1921705	3	0.0	0.4942339373970346	NA	NA
Mosigvirus RB69	1914161	3	0.0	0.4942339373970346	NA	NA
Mosugukvirus pm2	2956206	3	0.0	0.4942339373970346	NA	NA
Lessievirus bcep22	242527	3	0.0	0.4942339373970346	NA	NA
Lessievirus DC1	1136535	3	0.0	0.4942339373970346	NA	NA
Betanudivirus hezeae	3052000	3	0.0	0.4942339373970346	NA	NA
Chloriridovirus simulium2	3427925	3	0.0	0.4942339373970346	NA	NA
Parapoxvirus orf	3431389	2	0.0	0.32948929159802304	NA	NA
Losannavirus tunisense	1255301	2	0.0	0.32948929159802304	NA	NA
Dishui lake phycodnavirus 1	2079134	2	0.0	0.32948929159802304	NA	NA
Toursvirus dptv1a	3047794	2	0.0	0.32948929159802304	NA	NA
Alphanudivirus grybimaculati	3047860	2	0.0	0.32948929159802304	NA	NA
Alphabaculovirus olmendosae	3059714	2	0.0	0.32948929159802304	NA	NA
Alphabaculovirus anpernyi	3047366	2	0.0	0.32948929159802304	NA	NA
Alphabaculovirus aucalifornicae	3047383	2	0.0	0.32948929159802304	NA	NA
Alphabaculovirus lydisparis	3048188	2	0.0	0.32948929159802304	NA	NA
Alphabaculovirus chrychalcites	3047753	2	0.0	0.32948929159802304	NA	NA
Aviadenovirus leucophthalmi	2955388	2	0.0	0.32948929159802304	NA	NA
Aviadenovirus ventriculi	3426541	2	0.0	0.32948929159802304	NA	NA
Aptresvirus AP3	2955374	2	0.0	0.32948929159802304	NA	NA
Xanthomonas citri phage CP2	1188795	2	0.0	0.32948929159802304	NA	NA
Klebsiella phage VLCpiS13b	2874886	2	0.0	0.32948929159802304	NA	NA
Klebsiella phage BUCT541	2873352	2	0.0	0.32948929159802304	NA	NA
Croceibacter phage P2559Y	1327037	2	0.0	0.32948929159802304	NA	NA
Cronobacter phage phiES15	1168280	2	0.0	0.32948929159802304	NA	NA
Clostridium phage c-st	12336	2	0.0	0.32948929159802304	NA	NA
Rhodovulum phage vB_RhkS_P1	1873452	2	0.0	0.32948929159802304	NA	NA
Streptomyces phage mu1/6	370623	2	0.0	0.32948929159802304	NA	NA
Tsukamurella phage TPA2	981330	2	0.0	0.32948929159802304	NA	NA
Rhodobacter phage RcapMu	1105286	2	0.0	0.32948929159802304	NA	NA
Feofaniavirus Eho59	2734232	2	0.0	0.32948929159802304	NA	NA
Bcepmuvirus E255	431894	2	0.0	0.32948929159802304	NA	NA
Vendettavirus tzgordon	2956635	2	0.0	0.32948929159802304	NA	NA
Ayohtrevirus abba	2843722	2	0.0	0.32948929159802304	NA	NA
Fromanvirus rebeuca	1225862	2	0.0	0.32948929159802304	NA	NA
Fromanvirus goose	1211282	2	0.0	0.32948929159802304	NA	NA
Fromanvirus saintus	1097754	2	0.0	0.32948929159802304	NA	NA
Gelderlandvirus cgg41	2955945	2	0.0	0.32948929159802304	NA	NA
Mosigvirus JS09	1914160	2	0.0	0.32948929159802304	NA	NA
Centumtrigintavirus cv133	3427844	2	0.0	0.32948929159802304	NA	NA
Jiaodavirus kppv15	2956012	2	0.0	0.32948929159802304	NA	NA
Tequintavirus Th1	2846119	2	0.0	0.32948929159802304	NA	NA
Ceetrepovirus stickynote	2955596	2	0.0	0.32948929159802304	NA	NA
Sukkupivirus sukkupi	2956477	2	0.0	0.32948929159802304	NA	NA
Gruunavirus GRU1	2955960	2	0.0	0.32948929159802304	NA	NA
Heverleevirus OLIVR5	3052245	2	0.0	0.32948929159802304	NA	NA
Beejeyvirus bagaejinnorense	3426661	2	0.0	0.32948929159802304	NA	NA
Retbasiphovirus hantatum	3432154	2	0.0	0.32948929159802304	NA	NA
Mechnikovvirus SS2019XII	3430752	2	0.0	0.32948929159802304	NA	NA
Zukovirus phill	3060829	2	0.0	0.32948929159802304	NA	NA
Zukovirus zuko	3060830	2	0.0	0.32948929159802304	NA	NA
Vojvodinavirus MW2	3433290	2	0.0	0.32948929159802304	NA	NA
Epaquintavirus Epa5	2955862	2	0.0	0.32948929159802304	NA	NA
Mallosvirus mallos	3430621	2	0.0	0.32948929159802304	NA	NA
Pamexvirus phiH1	3431347	2	0.0	0.32948929159802304	NA	NA
Julieunavirus julie1	2956033	2	0.0	0.32948929159802304	NA	NA
Acadianvirus reprobate	1982903	2	0.0	0.32948929159802304	NA	NA
Imvubuvirus imvubu	2955990	2	0.0	0.32948929159802304	NA	NA
Zitchvirus verity	2956711	2	0.0	0.32948929159802304	NA	NA
Moineauvirus D1024	3060343	2	0.0	0.32948929159802304	NA	NA
Neptunevirus srim50	2734122	2	0.0	0.32948929159802304	NA	NA
Zitchvirus zipp	2956712	2	0.0	0.32948929159802304	NA	NA
Zitchvirus zitch	2956713	2	0.0	0.32948929159802304	NA	NA
Kroosvirus ribeye	2956092	2	0.0	0.32948929159802304	NA	NA
Wizardvirus mutzi	2956689	2	0.0	0.32948929159802304	NA	NA
Buchavirus intestinalis	2955553	2	0.0	0.32948929159802304	NA	NA
Agmunavirus AGM1	2843882	2	0.0	0.32948929159802304	NA	NA
Jolieduovirus lemuria	2956025	2	0.0	0.32948929159802304	NA	NA
Enterobacter phage Tyrion	1864623	2	0.0	0.32948929159802304	NA	NA
Korravirus kittykat	2956070	2	0.0	0.32948929159802304	NA	NA
Detrevirus D3	31535	2	0.0	0.32948929159802304	NA	NA
Coopervirus vincenzo	1983110	2	0.0	0.32948929159802304	NA	NA
Gilsonvirus gilson	2846398	2	0.0	0.32948929159802304	NA	NA
Karimacvirus starplatinum	3430114	2	0.0	0.32948929159802304	NA	NA
Henunavirus hena1	2844163	2	0.0	0.32948929159802304	NA	NA
Gajwadongvirus ECBP5	2733916	2	0.0	0.32948929159802304	NA	NA
Ponsvirus lauer	3060638	2	0.0	0.32948929159802304	NA	NA
Pavtokvirus pavtok	3060522	2	0.0	0.32948929159802304	NA	NA
Efekovirus efeko	3428447	2	0.0	0.32948929159802304	NA	NA
Saikungvirus HK75	2169925	2	0.0	0.32948929159802304	NA	NA
Anayavirus markphew	2955343	2	0.0	0.32948929159802304	NA	NA
Casadabanvirus MP38	505292	2	0.0	0.32948929159802304	NA	NA
Casadabanvirus JD024	3059844	2	0.0	0.32948929159802304	NA	NA
Sukuvirus RSPII1	2733596	2	0.0	0.32948929159802304	NA	NA
Wphvirus WPh	1922328	2	0.0	0.32948929159802304	NA	NA
Eldridgevirus eldridge	2843766	2	0.0	0.32948929159802304	NA	NA
Goettingenvirus goe8	2843793	2	0.0	0.32948929159802304	NA	NA
Trinevirus trine	2734284	2	0.0	0.32948929159802304	NA	NA
Mycoabscvirus phiT46-1	2956208	2	0.0	0.32948929159802304	NA	NA
Dinavirus dina	2846739	2	0.0	0.32948929159802304	NA	NA
Squashvirus squash	2734281	2	0.0	0.32948929159802304	NA	NA
Streptomyces phage phiSAJS1	1755682	2	0.0	0.32948929159802304	NA	NA
Uetakevirus SPN1S	1982581	2	0.0	0.32948929159802304	NA	NA
Nesevirus ev243	2844251	2	0.0	0.32948929159802304	NA	NA
Corndogvirus corndog	205875	2	0.0	0.32948929159802304	NA	NA
Corndogvirus catdawg	2955723	2	0.0	0.32948929159802304	NA	NA
Phobosvirus PspYZU01	2956315	2	0.0	0.32948929159802304	NA	NA
Ceceduovirus cc2	2843653	2	0.0	0.32948929159802304	NA	NA
Dragolirvirus dragolir	2845734	2	0.0	0.32948929159802304	NA	NA
Rosariovirus Weirdo19ES	2956376	2	0.0	0.32948929159802304	NA	NA
Snuvirus SNUABM7	3060715	2	0.0	0.32948929159802304	NA	NA
Phleivirus Phlei	2956314	2	0.0	0.32948929159802304	NA	NA
Anjalivirus anjali	2843723	2	0.0	0.32948929159802304	NA	NA
Vhulanivirus Shpa	2560625	2	0.0	0.32948929159802304	NA	NA
Unicornvirus shandong1	2956579	2	0.0	0.32948929159802304	NA	NA
Mycobacterium phage OkiRoe	1486473	2	0.0	0.32948929159802304	NA	NA
Mycobacterium phage Milly	1567473	2	0.0	0.32948929159802304	NA	NA
Anayavirus yuna	2955352	2	0.0	0.32948929159802304	NA	NA
Bixzunavirus I3	2006137	2	0.0	0.32948929159802304	NA	NA
Bixzunavirus lukilu	2560606	2	0.0	0.32948929159802304	NA	NA
Hepatovirus bephopi	3429213	2	0.0	0.32948929159802304	NA	NA
Betafusarivirus brasiliensis	2955447	2	0.0	0.32948929159802304	NA	NA
Uukuvirus tyulenyense	3052809	2	0.0	0.32948929159802304	NA	NA
Sripuvirus almpiwar	1985693	2	0.0	0.32948929159802304	NA	NA
Alphacytorhabdovirus betawuhaninsectum	3426122	2	0.0	0.32948929159802304	NA	NA
Percavirus equidgamma2	3050281	2	0.0	0.32948929159802304	NA	NA
Roseolovirus macacinebeta9	3050310	2	0.0	0.32948929159802304	NA	NA
Quwivirus tupaiidbeta1	3050362	2	0.0	0.32948929159802304	NA	NA
Stanholtvirus sv6442	431891	2	0.0	0.32948929159802304	NA	NA
Quhwahvirus shotgun	3432068	2	0.0	0.32948929159802304	NA	NA
Microbacterium phage AvGardian	2725619	2	0.0	0.32948929159802304	NA	NA
Dismasvirus dismas	2560588	2	0.0	0.32948929159802304	NA	NA
Phobosvirus phobos	2956316	2	0.0	0.32948929159802304	NA	NA
Sessunavirus SESS1	2956437	2	0.0	0.32948929159802304	NA	NA
Broinstvirus pCB2051A	2955537	2	0.0	0.32948929159802304	NA	NA
Abalone shriveling syndrome-associated virus	491893	2	0.0	0.32948929159802304	NA	NA
Enterobacteria phage mEp460	1147152	2	0.0	0.32948929159802304	NA	NA
Shigella phage SfII	66284	2	0.0	0.32948929159802304	NA	NA
Clostridium phage phiCT453A	1567012	2	0.0	0.32948929159802304	NA	NA
Moumouvirus moumou	1128137	2	0.0	0.32948929159802304	NA	NA
Tupanvirus salinum	3060758	2	0.0	0.32948929159802304	NA	NA
Wuhan coneheads virus 1	1923695	2	0.0	0.32948929159802304	NA	NA
Simplexvirus leporidalpha4	3050304	2	0.0	0.32948929159802304	NA	NA
Simplexvirus paninealpha3	3050333	2	0.0	0.32948929159802304	NA	NA
Varicellovirus equidalpha3	3050277	2	0.0	0.32948929159802304	NA	NA
Varicellovirus cervidalpha3	3050261	2	0.0	0.32948929159802304	NA	NA
Arequatrovirus paedore	2955378	2	0.0	0.32948929159802304	NA	NA
Camvirus CAM	1982883	2	0.0	0.32948929159802304	NA	NA
Kelquatrovirus KL4	2734160	2	0.0	0.32948929159802304	NA	NA
Juiceboxvirus juicebox	2734241	2	0.0	0.32948929159802304	NA	NA
Andrewvirus andrew	2734214	2	0.0	0.32948929159802304	NA	NA
Naesvirus bcepNY3	446807	2	0.0	0.32948929159802304	NA	NA
Eyrevirus eyre	2560492	2	0.0	0.32948929159802304	NA	NA
Sourvirus sour	2560509	2	0.0	0.32948929159802304	NA	NA
Lacusarxvirus lacusarx	2560778	2	0.0	0.32948929159802304	NA	NA
Identitycrisisvirus identitycrisis	3429898	2	0.0	0.32948929159802304	NA	NA
Denvervirus dv9183	2955750	2	0.0	0.32948929159802304	NA	NA
Chewyvirus chewyVIII	3427903	2	0.0	0.32948929159802304	NA	NA
Yvonnevirus yvonnetastic	3433590	2	0.0	0.32948929159802304	NA	NA
Valentinivirus valentinipuff	3433091	2	0.0	0.32948929159802304	NA	NA
Oscarsovirus oscarso	3431516	2	0.0	0.32948929159802304	NA	NA
Ionavirus W14	2560406	2	0.0	0.32948929159802304	NA	NA
Kisquattuordecimvirus KS14	2734065	2	0.0	0.32948929159802304	NA	NA
Tigrvirus BP822	3060742	2	0.0	0.32948929159802304	NA	NA
Kujavirus kuja	2841283	2	0.0	0.32948929159802304	NA	NA
Vapseptimavirus VAP7	2841303	2	0.0	0.32948929159802304	NA	NA
Likavirus zemlya	1982892	2	0.0	0.32948929159802304	NA	NA
Aoqinvirus RD1410W101	2846069	2	0.0	0.32948929159802304	NA	NA
Huelvavirus ort11	2846232	2	0.0	0.32948929159802304	NA	NA
Waedenswilvirus S6	2844164	2	0.0	0.32948929159802304	NA	NA
Simplexvirus papiinealpha2	3050336	2	0.0	0.32948929159802304	NA	NA
Iltovirus psittacidalpha1	3050344	2	0.0	0.32948929159802304	NA	NA
Cytomegalovirus humanbeta5	3050295	2	0.0	0.32948929159802304	NA	NA
Varicellovirus cervidalpha1	3050259	2	0.0	0.32948929159802304	NA	NA
Risingsunvirus risingsun	2560435	2	0.0	0.32948929159802304	NA	NA
Marfavirus marfa	2845092	2	0.0	0.32948929159802304	NA	NA
Beenievirus michaelscott	3059767	2	0.0	0.32948929159802304	NA	NA
Mementomorivirus cressida	3430795	2	0.0	0.32948929159802304	NA	NA
Kozievirus kozie	3430276	2	0.0	0.32948929159802304	NA	NA
Nevillevirus trax	3060415	2	0.0	0.32948929159802304	NA	NA
Jawnskivirus jawnski	3430002	2	0.0	0.32948929159802304	NA	NA
Nymphadoravirus boynamedsue	3060425	2	0.0	0.32948929159802304	NA	NA
Inovirus M13	1977402	2	0.0	0.32948929159802304	NA	NA
Chaphamaparvovirus galliform3	3052108	2	0.0	0.32948929159802304	NA	NA
Peduovirus P22H4	2844218	2	0.0	0.32948929159802304	NA	NA
Peduovirus P2	10679	2	0.0	0.32948929159802304	NA	NA
Peduovirus YPM22	2956278	1	0.0	0.16474464579901152	NA	NA
Tigrvirus E202	431893	1	0.0	0.16474464579901152	NA	NA
Bielevirus phiO18P	393598	1	0.0	0.16474464579901152	NA	NA
Kayeltresvirus KL3	2956052	1	0.0	0.16474464579901152	NA	NA
Nampongvirus ST79	2734068	1	0.0	0.16474464579901152	NA	NA
Arsyunavirus RSY1	2955380	1	0.0	0.16474464579901152	NA	NA
Novemvirus T5282H	2844122	1	0.0	0.16474464579901152	NA	NA
Irrigatiovirus SI7	2846104	1	0.0	0.16474464579901152	NA	NA
Entnonagintavirus ENT90	2734061	1	0.0	0.16474464579901152	NA	NA
Mastadenovirus bostertium	3241409	1	0.0	0.16474464579901152	NA	NA
Aviadenovirus anatis	3426517	1	0.0	0.16474464579901152	NA	NA
Mycobacterium phage Dori	1089121	1	0.0	0.16474464579901152	NA	NA
Vibrio phage VBM1	754074	1	0.0	0.16474464579901152	NA	NA
Rhizobium phage 16-3	10704	1	0.0	0.16474464579901152	NA	NA
Sphingomonas phage PAU	1150991	1	0.0	0.16474464579901152	NA	NA
Pseudomonas phage PS-1	1573458	1	0.0	0.16474464579901152	NA	NA
Klebsiella phage BUCT610	2834265	1	0.0	0.16474464579901152	NA	NA
Achromobacter phage JWF	1589748	1	0.0	0.16474464579901152	NA	NA
Haemophilus phage Aaphi23	230158	1	0.0	0.16474464579901152	NA	NA
Theiavirus salishense	3060737	1	0.0	0.16474464579901152	NA	NA
Biavirus raunefjordenense	3059777	1	0.0	0.16474464579901152	NA	NA
Bacillus phage vB_BhaS-171	1775140	1	0.0	0.16474464579901152	NA	NA
Brochothrix phage BL3	764562	1	0.0	0.16474464579901152	NA	NA
Lactococcus phage Tuc2009	35241	1	0.0	0.16474464579901152	NA	NA
Cyanophage PSS2	658401	1	0.0	0.16474464579901152	NA	NA
Rhizobium phage vB_RleM_PPF1	1498228	1	0.0	0.16474464579901152	NA	NA
Geobacillus virus E3	1572712	1	0.0	0.16474464579901152	NA	NA
Closterovirus rehmanniae	3428010	1	0.0	0.16474464579901152	NA	NA
Closterovirus uniribi	3428014	1	0.0	0.16474464579901152	NA	NA
Hepacivirus hominis	3052230	1	0.0	0.16474464579901152	NA	NA
Monocitivirus ichi	3430930	1	0.0	0.16474464579901152	NA	NA
Fijivirus fijiense	3428773	1	0.0	0.16474464579901152	NA	NA
Alphapithovirus sibericum	3426242	1	0.0	0.16474464579901152	NA	NA
Tupanvirus altamarinense	3060757	1	0.0	0.16474464579901152	NA	NA
Mimivirus terra2	1128151	1	0.0	0.16474464579901152	NA	NA
Acinetobacter phage Ac42	762660	1	0.0	0.16474464579901152	NA	NA
Ceceduovirus assw	2843651	1	0.0	0.16474464579901152	NA	NA
Tulanevirus aes508	1921531	1	0.0	0.16474464579901152	NA	NA
Escherichia phage vB_EcoM-Ro157c2YLVW	2178932	1	0.0	0.16474464579901152	NA	NA
Ludhianavirus D3	3060171	1	0.0	0.16474464579901152	NA	NA
Cronobacter phage CR5	1195085	1	0.0	0.16474464579901152	NA	NA
Nimduovirus N1M2	3060418	1	0.0	0.16474464579901152	NA	NA
Meadowvirus AH04	3060193	1	0.0	0.16474464579901152	NA	NA
Diorhovirus intestinalis	2955762	1	0.0	0.16474464579901152	NA	NA
Endlipuvirus intestinihominis	2955861	1	0.0	0.16474464579901152	NA	NA
Hacihdavirus animalis	2955969	1	0.0	0.16474464579901152	NA	NA
Kahucivirus intestinalis	2956048	1	0.0	0.16474464579901152	NA	NA
Kingevirus communis	2956060	1	0.0	0.16474464579901152	NA	NA
Flaumdravirus KIL4	2560666	1	0.0	0.16474464579901152	NA	NA
Nankokuvirus Ab03	1925780	1	0.0	0.16474464579901152	NA	NA
Metamorphoovirus ariadne	3430818	1	0.0	0.16474464579901152	NA	NA
Sharonstreetvirus A18P4	2956440	1	0.0	0.16474464579901152	NA	NA
Yonseivirus N137	2845093	1	0.0	0.16474464579901152	NA	NA
Microbacterium phage Eula	2926098	1	0.0	0.16474464579901152	NA	NA
Microbacterium phage AnnaLie	2772023	1	0.0	0.16474464579901152	NA	NA
Kostyavirus kv244	373403	1	0.0	0.16474464579901152	NA	NA
Kostyavirus toto	1993871	1	0.0	0.16474464579901152	NA	NA
Lahndsivirus rarus	2956099	1	0.0	0.16474464579901152	NA	NA
Lebriduvirus gastrointestinalis	2956106	1	0.0	0.16474464579901152	NA	NA
Hicfunavirus HCF1	2653507	1	0.0	0.16474464579901152	NA	NA
Jhansiroadvirus gwaliVC1	2846602	1	0.0	0.16474464579901152	NA	NA
Privateervirus pv009	2844032	1	0.0	0.16474464579901152	NA	NA
Moazamivirus SE131	3060310	1	0.0	0.16474464579901152	NA	NA
Acinetobacter phage vB_AbaM_phiAbaA1	1605379	1	0.0	0.16474464579901152	NA	NA
Ruegeria phage vB_RpoS-V11	2218617	1	0.0	0.16474464579901152	NA	NA
Ruegeria phage vB_RpoS-V16	2218618	1	0.0	0.16474464579901152	NA	NA
Jacunavirus JC01	2955994	1	0.0	0.16474464579901152	NA	NA
Phayoncevirus phayonce	1983742	1	0.0	0.16474464579901152	NA	NA
Phayoncevirus thulathula	2956311	1	0.0	0.16474464579901152	NA	NA
Tortellinivirus tortellini	3432938	1	0.0	0.16474464579901152	NA	NA
Octobienvirus octobien14	3060434	1	0.0	0.16474464579901152	NA	NA
Brujitavirus xula	2955546	1	0.0	0.16474464579901152	NA	NA
Montyvirus jellybones	2844667	1	0.0	0.16474464579901152	NA	NA
Rtpvirus Rtp	355246	1	0.0	0.16474464579901152	NA	NA
Nouzillyvirus ESCO41	2734029	1	0.0	0.16474464579901152	NA	NA
Kroosvirus gaea	2956089	1	0.0	0.16474464579901152	NA	NA
Kroosvirus yorkonyx	2956094	1	0.0	0.16474464579901152	NA	NA
Dexdertvirus GTE6	2955753	1	0.0	0.16474464579901152	NA	NA
Dexdertvirus tiamoceli	2955755	1	0.0	0.16474464579901152	NA	NA
Wizardvirus bakery	2956682	1	0.0	0.16474464579901152	NA	NA
Clownvirus clown	2955709	1	0.0	0.16474464579901152	NA	NA
Smoothievirus smoothie	1982561	1	0.0	0.16474464579901152	NA	NA
Mycobacterium phage Makemake	1873889	1	0.0	0.16474464579901152	NA	NA
Mycobacterium phage Bipolar	1551711	1	0.0	0.16474464579901152	NA	NA
Cheoctovirus eleanorgeorge	2955631	1	0.0	0.16474464579901152	NA	NA
Cheoctovirus spartacus	3427893	1	0.0	0.16474464579901152	NA	NA
Cheoctovirus melissauren88	2955659	1	0.0	0.16474464579901152	NA	NA
Thetabobvirus renaud18	3432795	1	0.0	0.16474464579901152	NA	NA
Buchavirus hominis	2955552	1	0.0	0.16474464579901152	NA	NA
Bohxovirus oralis	2955512	1	0.0	0.16474464579901152	NA	NA
Kehishuvirus primarius	2956053	1	0.0	0.16474464579901152	NA	NA
Veracruzvirus pistachio	2956640	1	0.0	0.16474464579901152	NA	NA
Septimatrevirus PX5	3432362	1	0.0	0.16474464579901152	NA	NA
Liefievirus grizzly	2956113	1	0.0	0.16474464579901152	NA	NA
Jolieduovirus jolie2	2956015	1	0.0	0.16474464579901152	NA	NA
Pinnievirus moorethemaryer	2956318	1	0.0	0.16474464579901152	NA	NA
Avocadovirus avocado	2955390	1	0.0	0.16474464579901152	NA	NA
Bluefeathervirus bluefeather	3424305	1	0.0	0.16474464579901152	NA	NA
Reqipinevirus reqipine5	3432151	1	0.0	0.16474464579901152	NA	NA
Metamorphoovirus jayden	3430819	1	0.0	0.16474464579901152	NA	NA
Quhwahvirus paschalis	2182400	1	0.0	0.16474464579901152	NA	NA
Zhangjivirus fado	3433611	1	0.0	0.16474464579901152	NA	NA
Hollowayvirus E220	3429776	1	0.0	0.16474464579901152	NA	NA
Hollowayvirus PA8	3429779	1	0.0	0.16474464579901152	NA	NA
Santhisvirus santhid	3432255	1	0.0	0.16474464579901152	NA	NA
Kagunavirus golestan	2560464	1	0.0	0.16474464579901152	NA	NA
Escherichia phage ZCEC5	2530021	1	0.0	0.16474464579901152	NA	NA
Mycobacterium phage Hosp	1463811	1	0.0	0.16474464579901152	NA	NA
Acadianvirus baee	1982902	1	0.0	0.16474464579901152	NA	NA
Quesadillavirus CRB2	2956352	1	0.0	0.16474464579901152	NA	NA
Quesadillavirus quesadilla	2956353	1	0.0	0.16474464579901152	NA	NA
Pegunavirus oline	1986350	1	0.0	0.16474464579901152	NA	NA
Pamexvirus AAT1	3431346	1	0.0	0.16474464579901152	NA	NA
Pamexvirus phiH2	3431348	1	0.0	0.16474464579901152	NA	NA
Bosavirus bosa	2955515	1	0.0	0.16474464579901152	NA	NA
Novosibvirus stubb	2733995	1	0.0	0.16474464579901152	NA	NA
Priunavirus PSTCR5	2956338	1	0.0	0.16474464579901152	NA	NA
Hongcheonvirus DUPPV	2733994	1	0.0	0.16474464579901152	NA	NA
Moineauvirus P7574	3060365	1	0.0	0.16474464579901152	NA	NA
Vansinderenvirus 5093	3060774	1	0.0	0.16474464579901152	NA	NA
Vividuovirus vivi2	2560512	1	0.0	0.16474464579901152	NA	NA
Vividuovirus brandonk123	2560488	1	0.0	0.16474464579901152	NA	NA
Leonardvirus ali17	2956109	1	0.0	0.16474464579901152	NA	NA
Chenonavirus sbash	2169812	1	0.0	0.16474464579901152	NA	NA
Rollinsvirus ph04	3060671	1	0.0	0.16474464579901152	NA	NA
Ceetrepovirus zion	3427839	1	0.0	0.16474464579901152	NA	NA
Gruunavirus GTE5	2955961	1	0.0	0.16474464579901152	NA	NA
Gruunavirus turuncu	2955963	1	0.0	0.16474464579901152	NA	NA
Pleakleyvirus pleakley	2956325	1	0.0	0.16474464579901152	NA	NA
Cetovirus ceto	2060092	1	0.0	0.16474464579901152	NA	NA
Vipunavirus pVp1	2560835	1	0.0	0.16474464579901152	NA	NA
Mycobacterium phage RhynO	1458846	1	0.0	0.16474464579901152	NA	NA
Mycobacterium phage Pari	1718171	1	0.0	0.16474464579901152	NA	NA
Mycobacterium phage Adzzy	1383059	1	0.0	0.16474464579901152	NA	NA
Mycobacterium phage Turj99	1701849	1	0.0	0.16474464579901152	NA	NA
Mycobacterium phage Alsfro	1458724	1	0.0	0.16474464579901152	NA	NA
Fromanvirus L5	31757	1	0.0	0.16474464579901152	NA	NA
Fromanvirus U2	1993862	1	0.0	0.16474464579901152	NA	NA
Seejivirus salhabitans	3241302	1	0.0	0.16474464579901152	NA	NA
Coopervirus nigel	1983118	1	0.0	0.16474464579901152	NA	NA
Rosebushvirus godines	1982904	1	0.0	0.16474464579901152	NA	NA
Rosebushvirus TA17a	2560607	1	0.0	0.16474464579901152	NA	NA
Rosebushvirus laurie	2956377	1	0.0	0.16474464579901152	NA	NA
Ponsvirus cherryonlim	3060637	1	0.0	0.16474464579901152	NA	NA
Detrevirus PMG1	1129146	1	0.0	0.16474464579901152	NA	NA
Woodruffvirus TP1604	1982746	1	0.0	0.16474464579901152	NA	NA
Alexandravirus AD1	2734080	1	0.0	0.16474464579901152	NA	NA
Tunggulvirus f2	2733363	1	0.0	0.16474464579901152	NA	NA
Ghunavirus KNP	1981933	1	0.0	0.16474464579901152	NA	NA
Berlinvirus RN5i1	3059771	1	0.0	0.16474464579901152	NA	NA
Pairvirus Lo5R7ANS	2733941	1	0.0	0.16474464579901152	NA	NA
Pelagivirus S35C6	2733945	1	0.0	0.16474464579901152	NA	NA
Certrevirus phiTE	1980961	1	0.0	0.16474464579901152	NA	NA
Annadreamyvirus annadreamy	2846392	1	0.0	0.16474464579901152	NA	NA
Coruscantvirus coruscant	3059903	1	0.0	0.16474464579901152	NA	NA
Bruynoghevirus CHU	2040655	1	0.0	0.16474464579901152	NA	NA
Pavtokvirus PEp14	3060523	1	0.0	0.16474464579901152	NA	NA
Paopuvirus kaijohn	2956259	1	0.0	0.16474464579901152	NA	NA
Hacavirus italiense	3429137	1	0.0	0.16474464579901152	NA	NA
Northamptonvirus jeon	3060420	1	0.0	0.16474464579901152	NA	NA
Northamptonvirus taptic	3060421	1	0.0	0.16474464579901152	NA	NA
Phikmvvirus kF77	2733353	1	0.0	0.16474464579901152	NA	NA
Phikmvvirus LKD16	2733354	1	0.0	0.16474464579901152	NA	NA
Elanorvirus elanor	3428460	1	0.0	0.16474464579901152	NA	NA
Ghuizhouvirus A1432	3429002	1	0.0	0.16474464579901152	NA	NA
Yuavirus MP1412	3433575	1	0.0	0.16474464579901152	NA	NA
Yuavirus PAE1	3433576	1	0.0	0.16474464579901152	NA	NA
Picardvirus picard	2734264	1	0.0	0.16474464579901152	NA	NA
Gustavvirus mahdia	2560505	1	0.0	0.16474464579901152	NA	NA
Torontovirus JBD25	3432931	1	0.0	0.16474464579901152	NA	NA
Austintatiousvirus austintatious	2734219	1	0.0	0.16474464579901152	NA	NA
Anayavirus urkel	2955350	1	0.0	0.16474464579901152	NA	NA
Anayavirus murucutumbu	2955345	1	0.0	0.16474464579901152	NA	NA
Anayavirus sirphilip	2955349	1	0.0	0.16474464579901152	NA	NA
Anayavirus bella96	2955337	1	0.0	0.16474464579901152	NA	NA
Anayavirus anaya	1034152	1	0.0	0.16474464579901152	NA	NA
Anayavirus crimD	861045	1	0.0	0.16474464579901152	NA	NA
Unicornvirus krueger	2956578	1	0.0	0.16474464579901152	NA	NA
Kratiovirus collard	2956078	1	0.0	0.16474464579901152	NA	NA
Aminayvirus aminay	2955329	1	0.0	0.16474464579901152	NA	NA
Caeruleovirus Bc431	1985175	1	0.0	0.16474464579901152	NA	NA
Bastillevirus hoodyT	2560331	1	0.0	0.16474464579901152	NA	NA
Schiekvirus EFDG1	2560422	1	0.0	0.16474464579901152	NA	NA
Hopescreekvirus LfeInf	2845136	1	0.0	0.16474464579901152	NA	NA
Tybeckvirus tv521B	2845127	1	0.0	0.16474464579901152	NA	NA
Aqualcavirus P14	2560297	1	0.0	0.16474464579901152	NA	NA
Casadabanvirus spike	3059850	1	0.0	0.16474464579901152	NA	NA
Timquatrovirus findley	2956531	1	0.0	0.16474464579901152	NA	NA
Timquatrovirus mufasa	2956532	1	0.0	0.16474464579901152	NA	NA
Amginevirus amohnition	2955325	1	0.0	0.16474464579901152	NA	NA
Amginevirus ekdilam	2955327	1	0.0	0.16474464579901152	NA	NA
Fionnbharthvirus eponine	2955890	1	0.0	0.16474464579901152	NA	NA
Fionnbharthvirus patt	2955893	1	0.0	0.16474464579901152	NA	NA
Keshuvirus pixie	1034114	1	0.0	0.16474464579901152	NA	NA
Keshuvirus macncheese	1195070	1	0.0	0.16474464579901152	NA	NA
Alexandravirus SNUABM16	3059701	1	0.0	0.16474464579901152	NA	NA
Charlievirus panchino	2170172	1	0.0	0.16474464579901152	NA	NA
Timshelvirus HINdeR	2956534	1	0.0	0.16474464579901152	NA	NA
Timshelvirus SWU2	2956535	1	0.0	0.16474464579901152	NA	NA
Akonivirus phedro	2845594	1	0.0	0.16474464579901152	NA	NA
Tinytimothyvirus alex44	2845588	1	0.0	0.16474464579901152	NA	NA
Howevirus howe	3060038	1	0.0	0.16474464579901152	NA	NA
Howevirus mcklovin	3060039	1	0.0	0.16474464579901152	NA	NA
Footloosevirus footloose	3428804	1	0.0	0.16474464579901152	NA	NA
Aziravirus azira	3426584	1	0.0	0.16474464579901152	NA	NA
Eagleeyevirus eagleeye	2955842	1	0.0	0.16474464579901152	NA	NA
Fukuivirus MVDC	2845598	1	0.0	0.16474464579901152	NA	NA
Arvduovirus ArV2	3059739	1	0.0	0.16474464579901152	NA	NA
Axeltriavirus AXL3	3059753	1	0.0	0.16474464579901152	NA	NA
Elemovirus elemoC	2955850	1	0.0	0.16474464579901152	NA	NA
Anatolevirus anatole	2169704	1	0.0	0.16474464579901152	NA	NA
Firehammervirus CP21	1190451	1	0.0	0.16474464579901152	NA	NA
Fletchervirus CP30A	1980966	1	0.0	0.16474464579901152	NA	NA
Mooglevirus mordin	1985305	1	0.0	0.16474464579901152	NA	NA
Dibbivirus DIBBI	2846671	1	0.0	0.16474464579901152	NA	NA
Namazuvirus POI1126	3060404	1	0.0	0.16474464579901152	NA	NA
Chaovirus bigenum	3427862	1	0.0	0.16474464579901152	NA	NA
Tankvirus tank	1982567	1	0.0	0.16474464579901152	NA	NA
Tinduovirus TIN2	1982570	1	0.0	0.16474464579901152	NA	NA
Gordonia phage Rosalind	1838077	1	0.0	0.16474464579901152	NA	NA
Kuravirus CHD5UKE1	3060075	1	0.0	0.16474464579901152	NA	NA
Kuravirus ES17	3060077	1	0.0	0.16474464579901152	NA	NA
Trigintaduovirus 32HC	2170239	1	0.0	0.16474464579901152	NA	NA
Tabernariusvirus tabernarius	2560691	1	0.0	0.16474464579901152	NA	NA
Myosmarvirus MTx	2846180	1	0.0	0.16474464579901152	NA	NA
Sortsnevirus sortsne	2734189	1	0.0	0.16474464579901152	NA	NA
Sortsnevirus IME279	2734190	1	0.0	0.16474464579901152	NA	NA
Kratiovirus kratio	2956080	1	0.0	0.16474464579901152	NA	NA
Kratiovirus omnicron	2956082	1	0.0	0.16474464579901152	NA	NA
Ilzatvirus hamlet	2560591	1	0.0	0.16474464579901152	NA	NA
Ilzatvirus mcgalleon	2845592	1	0.0	0.16474464579901152	NA	NA
Corgivirus corgi	3428080	1	0.0	0.16474464579901152	NA	NA
Noelyvirus noely	3431172	1	0.0	0.16474464579901152	NA	NA
Beograduvirus KPhi1	2955426	1	0.0	0.16474464579901152	NA	NA
Tsukubavirus XPV1	2956560	1	0.0	0.16474464579901152	NA	NA
Fairfaxidumvirus fairfaxidum	2731208	1	0.0	0.16474464579901152	NA	NA
Aurunvirus STIM5	2734088	1	0.0	0.16474464579901152	NA	NA
Schubertvirus schubert	2734277	1	0.0	0.16474464579901152	NA	NA
Sidiousvirus sidious	3060705	1	0.0	0.16474464579901152	NA	NA
Lagaffevirus lagaffe	2734112	1	0.0	0.16474464579901152	NA	NA
Llyrvirus SSKS1	2734116	1	0.0	0.16474464579901152	NA	NA
Samsavirus crystalli	3432247	1	0.0	0.16474464579901152	NA	NA
Sasdunavirus SASD1	3060679	1	0.0	0.16474464579901152	NA	NA
Knuthellervirus PMBT14	2845962	1	0.0	0.16474464579901152	NA	NA
Miecznikowavirus AH14a	3430847	1	0.0	0.16474464579901152	NA	NA
Pahexavirus PAD20	1982271	1	0.0	0.16474464579901152	NA	NA
Ruthyvirus ruthy	2734272	1	0.0	0.16474464579901152	NA	NA
Immanueltrevirus immanuel3	2846399	1	0.0	0.16474464579901152	NA	NA
Gimaduovirus GMA2	3060018	1	0.0	0.16474464579901152	NA	NA
Freyavirus danklef	2955922	1	0.0	0.16474464579901152	NA	NA
Scapunavirus scap1	2560792	1	0.0	0.16474464579901152	NA	NA
Bismarckvirus shambre1	3427496	1	0.0	0.16474464579901152	NA	NA
Aspduovirus Asp2	3426484	1	0.0	0.16474464579901152	NA	NA
Bernalvirus mendokysei	2955428	1	0.0	0.16474464579901152	NA	NA
Demosthenesvirus katyusha	1982108	1	0.0	0.16474464579901152	NA	NA
Successvirus success	3432624	1	0.0	0.16474464579901152	NA	NA
Lacnuvirus LcNu	2845135	1	0.0	0.16474464579901152	NA	NA
Theosmithvirus tv0105phi72	3432794	1	0.0	0.16474464579901152	NA	NA
Kuleanavirus kuleana	2843726	1	0.0	0.16474464579901152	NA	NA
Jilinvirus ECOO78	2560443	1	0.0	0.16474464579901152	NA	NA
Shuimuvirus IME207	2956444	1	0.0	0.16474464579901152	NA	NA
Sheenvirus Sheen	2956443	1	0.0	0.16474464579901152	NA	NA
Pemunavirus PM1	2843778	1	0.0	0.16474464579901152	NA	NA
Lambovirus lambo	2844670	1	0.0	0.16474464579901152	NA	NA
Lomovskayavirus C31	10719	1	0.0	0.16474464579901152	NA	NA
Cbastvirus ST	1918720	1	0.0	0.16474464579901152	NA	NA
Moturavirus motura	2843625	1	0.0	0.16474464579901152	NA	NA
Hautrevirus hau3	1982895	1	0.0	0.16474464579901152	NA	NA
Janusvirus hank144	2956000	1	0.0	0.16474464579901152	NA	NA
Salutenavirus salutena	2956389	1	0.0	0.16474464579901152	NA	NA
Sentinelvirus sentinel	2956431	1	0.0	0.16474464579901152	NA	NA
Bromdenvirus dyoedafos	2955539	1	0.0	0.16474464579901152	NA	NA
Reyvirus aziz	2956365	1	0.0	0.16474464579901152	NA	NA
Audreyjarvisvirus P1048	2845430	1	0.0	0.16474464579901152	NA	NA
Nanditavirus cole	3431036	1	0.0	0.16474464579901152	NA	NA
Likavirus goby	2956117	1	0.0	0.16474464579901152	NA	NA
Likavirus lorelei	2956118	1	0.0	0.16474464579901152	NA	NA
Likavirus yasdnil	2956121	1	0.0	0.16474464579901152	NA	NA
Omarvirus amethyst	2956235	1	0.0	0.16474464579901152	NA	NA
Caelumvirus thestral	2955568	1	0.0	0.16474464579901152	NA	NA
Camvirus amela	1982882	1	0.0	0.16474464579901152	NA	NA
Camvirus endor2	2955574	1	0.0	0.16474464579901152	NA	NA
Camvirus sitrop	2955577	1	0.0	0.16474464579901152	NA	NA
Sparkyvirus sparky	2845655	1	0.0	0.16474464579901152	NA	NA
Hedwigvirus hedwig	2560502	1	0.0	0.16474464579901152	NA	NA
Gundelvirus Gundel	2955965	1	0.0	0.16474464579901152	NA	NA
Shirevirus pfeifenkraut	3432425	1	0.0	0.16474464579901152	NA	NA
Bakolyvirus bakoly	2846039	1	0.0	0.16474464579901152	NA	NA
Kairosalinivirus M31CR412	2041859	1	0.0	0.16474464579901152	NA	NA
Likavirus hydra	1982887	1	0.0	0.16474464579901152	NA	NA
Likavirus izzy	1982888	1	0.0	0.16474464579901152	NA	NA
Purivirus UFJFPfDIW6	3060664	1	0.0	0.16474464579901152	NA	NA
Whiteheadvirus wv1358	2845151	1	0.0	0.16474464579901152	NA	NA
Murrayvirus lumpael	2734260	1	0.0	0.16474464579901152	NA	NA
Xuquatrovirus PTXU04	2734191	1	0.0	0.16474464579901152	NA	NA
Maxrubnervirus PMBT3	2734251	1	0.0	0.16474464579901152	NA	NA
Triplejayvirus tripleJ	2843732	1	0.0	0.16474464579901152	NA	NA
Luckybarnesvirus luckybarnes	2734246	1	0.0	0.16474464579901152	NA	NA
Paclarkvirus IPP48	3060514	1	0.0	0.16474464579901152	NA	NA
Littlefixvirus 98Pflur60pp	3060164	1	0.0	0.16474464579901152	NA	NA
Lederbergvirus Sf6	10761	1	0.0	0.16474464579901152	NA	NA
Lederbergvirus ST64T	173443	1	0.0	0.16474464579901152	NA	NA
Likavirus caliburn	1982885	1	0.0	0.16474464579901152	NA	NA
Kuttervirus SenALZ1	2846115	1	0.0	0.16474464579901152	NA	NA
Kuttervirus kv38	2169807	1	0.0	0.16474464579901152	NA	NA
Miltonvirus MAM1	2169689	1	0.0	0.16474464579901152	NA	NA
Menderavirus IMESM1	2846388	1	0.0	0.16474464579901152	NA	NA
Zicotriavirus ZC03	2845967	1	0.0	0.16474464579901152	NA	NA
Sanyabayvirus DS1410Ws06	2844087	1	0.0	0.16474464579901152	NA	NA
Luzseptimavirus KPP21	1982595	1	0.0	0.16474464579901152	NA	NA
Inbricusvirus inbricus	2845970	1	0.0	0.16474464579901152	NA	NA
Efbeekayvirus P184	2955844	1	0.0	0.16474464579901152	NA	NA
Kaypoctavirus KP8	2845088	1	0.0	0.16474464579901152	NA	NA
Cbunavirus Kc283	3059853	1	0.0	0.16474464579901152	NA	NA
Pacinivirus VCO139	2846607	1	0.0	0.16474464579901152	NA	NA
Varicellovirus equidalpha1	3050276	1	0.0	0.16474464579901152	NA	NA
Varicellovirus monodontidalpha1	3050322	1	0.0	0.16474464579901152	NA	NA
Simplexvirus macropodidalpha4	3060711	1	0.0	0.16474464579901152	NA	NA
Simplexvirus pteropodidalpha2	3060712	1	0.0	0.16474464579901152	NA	NA
Mardivirus columbidalpha1	3050267	1	0.0	0.16474464579901152	NA	NA
Cytomegalovirus aotinebeta1	3050137	1	0.0	0.16474464579901152	NA	NA
Cytomegalovirus cercopithecinebeta5	3050258	1	0.0	0.16474464579901152	NA	NA
Pollockvirus pollock	2170215	1	0.0	0.16474464579901152	NA	NA
Noahvirus arc	2956229	1	0.0	0.16474464579901152	NA	NA
Sendosyvirus APSE1	67571	1	0.0	0.16474464579901152	NA	NA
Alegriavirus av2B8	2844171	1	0.0	0.16474464579901152	NA	NA
Emalynvirus emalyn	2560491	1	0.0	0.16474464579901152	NA	NA
Magadivirus Mgbh1	2560333	1	0.0	0.16474464579901152	NA	NA
Coventryvirus SP441	2846374	1	0.0	0.16474464579901152	NA	NA
Wollypogvirus wollypog	3060804	1	0.0	0.16474464579901152	NA	NA
Takahashivirus PBS1	10683	1	0.0	0.16474464579901152	NA	NA
Mazuvirus scam7	2734118	1	0.0	0.16474464579901152	NA	NA
Tequatrovirus T4	10665	1	0.0	0.16474464579901152	NA	NA
Tequatrovirus sf24	2560761	1	0.0	0.16474464579901152	NA	NA
Jiaodavirus pko111	1985327	1	0.0	0.16474464579901152	NA	NA
Gelderlandvirus melville	2560727	1	0.0	0.16474464579901152	NA	NA
Dhakavirus ecom005	2955757	1	0.0	0.16474464579901152	NA	NA
Risoevirus cronus	3432166	1	0.0	0.16474464579901152	NA	NA
Lasallevirus Acj61	3430339	1	0.0	0.16474464579901152	NA	NA
Potexvirus ecsopuntiae	3433833	1	0.0	0.16474464579901152	NA	NA
Schizotequatrovirus KVP40	1914019	1	0.0	0.16474464579901152	NA	NA
Biquartavirus 44RR2	115987	1	0.0	0.16474464579901152	NA	NA
Greenvirus ssm4	2955958	1	0.0	0.16474464579901152	NA	NA
Alisovirus socal22	2955237	1	0.0	0.16474464579901152	NA	NA
Zhoulongquanvirus esscess	3060828	1	0.0	0.16474464579901152	NA	NA
Bellamyvirus bellamy	2734095	1	0.0	0.16474464579901152	NA	NA
Pontusvirus syn19	2734134	1	0.0	0.16474464579901152	NA	NA
Rhadinovirus macacinegamma12	3050313	1	0.0	0.16474464579901152	NA	NA
Rhadinovirus macacinegamma5	3050315	1	0.0	0.16474464579901152	NA	NA
Orthobunyavirus lasmaloyasense	3060478	1	0.0	0.16474464579901152	NA	NA
Mivirus wuhanense	2845626	1	0.0	0.16474464579901152	NA	NA
Ollusvirus coleopteri	2845706	1	0.0	0.16474464579901152	NA	NA
Shrew coronavirus	2050019	1	0.0	0.16474464579901152	NA	NA
Potyvirus duobatatae	3240525	1	0.0	0.16474464579901152	NA	NA
Marafivirus avenae	3048226	1	0.0	0.16474464579901152	NA	NA
Menderavirus moby	2846390	1	0.0	0.16474464579901152	NA	NA
Cytomegalovirus mandrillinebeta1	3050319	1	0.0	0.16474464579901152	NA	NA
Cytomegalovirus papiinebeta3	3050337	1	0.0	0.16474464579901152	NA	NA
Elephant endotheliotropic herpesvirus 3	548913	1	0.0	0.16474464579901152	NA	NA
Muromegalovirus muridbeta2	3050324	1	0.0	0.16474464579901152	NA	NA
Lymphocryptovirus callitrichinegamma3	3050250	1	0.0	0.16474464579901152	NA	NA
Lymphocryptovirus humangamma4	3050299	1	0.0	0.16474464579901152	NA	NA
Lymphocryptovirus macacinegamma10	3050311	1	0.0	0.16474464579901152	NA	NA
Alphapleolipovirus thailandense	2747320	1	0.0	0.16474464579901152	NA	NA
Peduovirus P24E6b	2844222	1	0.0	0.16474464579901152	NA	NA
Alphasphaerolipovirus viikkii	2049890	1	0.0	0.16474464579901152	NA	NA
Alphasphaerolipovirus pinkense	2955317	1	0.0	0.16474464579901152	NA	NA
Hukuchivirus IN93	2844981	1	0.0	0.16474464579901152	NA	NA
Hukuchivirus P2377	2844982	1	0.0	0.16474464579901152	NA	NA
Yingchengvirus koreaense	3433568	1	0.0	0.16474464579901152	NA	NA
Aviadenovirus gallinae	3426525	1	0.0	0.16474464579901152	NA	NA
Orthopoxvirus volepox	3431488	1	0.0	0.16474464579901152	NA	NA
Epsilonentomopoxvirus dlongicaudata	3428560	1	0.0	0.16474464579901152	NA	NA
Asfivirus haemorrhagiae	3426474	1	0.0	0.16474464579901152	NA	NA
Mastadenovirus flavi	3241427	1	0.0	0.16474464579901152	NA	NA
Peduovirus L413C	227940	1	0.0	0.16474464579901152	NA	NA
Peduovirus pro147	2560458	1	0.0	0.16474464579901152	NA	NA
Treisthetapapillomavirus 1	2170237	1	0.0	0.16474464579901152	NA	NA
Dyokappapapillomavirus 4	2169879	1	0.0	0.16474464579901152	NA	NA
Yellowstone lake phycodnavirus 2	1586714	1	0.0	0.16474464579901152	NA	NA
Yellowstone lake phycodnavirus 3	1586715	1	0.0	0.16474464579901152	NA	NA
Prasinovirus micromonas	3241176	1	0.0	0.16474464579901152	NA	NA
Chrysochromulina parva virus	2565304	1	0.0	0.16474464579901152	NA	NA
Raphidovirus japonicum	3432138	1	0.0	0.16474464579901152	NA	NA
Parapoxvirus pseudocowpox	3431390	1	0.0	0.16474464579901152	NA	NA
Cervidpoxvirus muledeerpox	3427847	1	0.0	0.16474464579901152	NA	NA
Centapoxvirus yokapox	3427843	1	0.0	0.16474464579901152	NA	NA
Rhizobium phage RR1-A	929833	1	0.0	0.16474464579901152	NA	NA
Rhizobium phage RR1-B	929834	1	0.0	0.16474464579901152	NA	NA
Yersinia phage PY54	172667	1	0.0	0.16474464579901152	NA	NA
Enterobacteria phage cdtI	414970	1	0.0	0.16474464579901152	NA	NA
Short-finned eel ranavirus	638660	1	0.0	0.16474464579901152	NA	NA
Chloriridovirus aedes1	3427923	1	0.0	0.16474464579901152	NA	NA
Chloriridovirus wiseana1	3427926	1	0.0	0.16474464579901152	NA	NA
Golden Marseillevirus	1720526	1	0.0	0.16474464579901152	NA	NA
Nipunavirus PaMx25	1982241	1	0.0	0.16474464579901152	NA	NA
Torvergatavirus MMDA13	3432939	1	0.0	0.16474464579901152	NA	NA
Yangvirus adumb2043	3060809	1	0.0	0.16474464579901152	NA	NA
Yangvirus amyev	3060810	1	0.0	0.16474464579901152	NA	NA
Yangvirus elezi	3060811	1	0.0	0.16474464579901152	NA	NA
Yangvirus phives	3060814	1	0.0	0.16474464579901152	NA	NA
Samwavirus samW	2734273	1	0.0	0.16474464579901152	NA	NA
Baxterfoxvirus yeezy	3426656	1	0.0	0.16474464579901152	NA	NA
Dardanusvirus dardanus	2955737	1	0.0	0.16474464579901152	NA	NA
Peatvirus peat2	2560629	1	0.0	0.16474464579901152	NA	NA
Feofaniavirus Eho49	2734231	1	0.0	0.16474464579901152	NA	NA
Muldoonvirus PS2	2846184	1	0.0	0.16474464579901152	NA	NA
Klausavirus dryang	2843724	1	0.0	0.16474464579901152	NA	NA
Yihwangvirus BCPST	3060820	1	0.0	0.16474464579901152	NA	NA
Yihwangvirus pW4	3060822	1	0.0	0.16474464579901152	NA	NA
Pankowvirus pv1717	2844169	1	0.0	0.16474464579901152	NA	NA
Betabaculovirus altermyunipunctae	3051996	1	0.0	0.16474464579901152	NA	NA
Betabaculovirus spofrugiperdae	3048334	1	0.0	0.16474464579901152	NA	NA
Alphanudivirus alterdromelanogasteris	3051615	1	0.0	0.16474464579901152	NA	NA
Alphaglobulovirus pozzuoliense	2843675	1	0.0	0.16474464579901152	NA	NA
Primolicivirus Pf1	2011081	1	0.0	0.16474464579901152	NA	NA
Vibakivirus vibaki	2843733	1	0.0	0.16474464579901152	NA	NA
Lessievirus bcepil02	644524	1	0.0	0.16474464579901152	NA	NA
Catfishvirus catfish	2955592	1	0.0	0.16474464579901152	NA	NA
Aviadenovirus gallopavoprimum	3426526	1	0.0	0.16474464579901152	NA	NA
Barthadenovirus lacertae	3426635	1	0.0	0.16474464579901152	NA	NA
Alphabaculovirus speridaniae	3078442	1	0.0	0.16474464579901152	NA	NA
Alphabaculovirus lyxylinae	3051419	1	0.0	0.16474464579901152	NA	NA
Alphabaculovirus thorichlaceae	3048363	1	0.0	0.16474464579901152	NA	NA
Alphabaculovirus splittoralis	3048336	1	0.0	0.16474464579901152	NA	NA
Alphabaculovirus orpseudotsugatae	3048238	1	0.0	0.16474464579901152	NA	NA
Alphabaculovirus hytalacae	3048150	1	0.0	0.16474464579901152	NA	NA
